"ID","NAME","PARENT_ID","URL","PICTUR_URL","STATUS","UUID","CODING","REMARK","CHILDROOT_EXIST","TREE_PATH","NUM","PROVINCE_CODE","RESOURCE_POOL_CODE","REDIRECT_PATH","IS_SHOW","ALIAS","COMPONENT"
"0101","系统首页","1","/home","solidIcon iconhome","1","","100101","","1","","1",,,"","1","systemHome","Home"
"0200","资产概况","2","/infoAssets/assetsProfile","solidIcon iconapp","1",,"100203",,"0",,"0",,,"","1","assetsProfile","RouteView"
"0201","资产管理","2","/infoAssets/assetsManage","solidIcon iconasset_management","1","","100201","","1","","1",,,"/infoAssets/assetsManage/infoAssetsManage","1","assetsManage","RouteView"
"020101","资产信息管理-2020","0201","/infoAssets/assetsManage/assetsInfoManage","solidIcon iconcode","0","","10020101","","1","","1",,,,"1","assetsInfoManage","RouteView"
"020102","资产认领管理","0201","/infoAssets/assetClaimManagement/AssetClaimManagement","solidIcon iconClaim","1","","10020102","","1","","3",,,,"1","assetClaimManagement","RouteView"
"020103","漏洞指纹管理","0201","/infoAssets/assetsManage/assetsFingerprint","solidIcon iconcooperation","1",,"10020107",,"0",,"7",,,"","1","assetsFingerprint","RouteView"
"020104","资产变更管理","0201","/infoAssets/assetChangeManagement/AssetChangeManagement","solidIcon iconnetworksecurity","1","","10020103","","1","","4",,,,"1","AssetChangeManagement","RouteView"
"020105","资产名单管理","0201","/infoAssets/assetsManage/assetNameListManage","solidIcon iconmanufacturerManage","1","","10020104","","1","","5",,,,"1","AssetNameListManage","RouteView"
"020106","资产备案管理","0201","/infoAssets/assetsManage/assetsFilingManage","solidIcon iconarchives","1","","10020105","","1","","6",,,,"1","assetsFilingManage","RouteView"
"0202","审核管理","2","/infoAssets/examineManage","solidIcon iconAudit_management","1","","100202","","1","","2",,,"/infoAssets/examineManage/assetsExamineManage","1","examineManage","RouteView"
"020201","审核模型配置","0202","/infoAssets/examineManage/examineModel","solidIcon iconcloudDisk","1","","10020201","","1","","1",,,,"1","examineModel","RouteView"
"020202","资产审核管理","0202","/infoAssets/examineManage/assetsExamineManage","solidIcon iconprojector","1","","10020202","","1","","2",,,,"1","assetsExamineManage","RouteView"
"0301","基准指纹库管理","3","/networkMapping/criterionFingerprintDatabase","solidIcon iconfingerprint","1","","100301","","1","","2",,,"/networkMapping/criterionFingerprintDatabase/fingerprintDB","1","criterionFingerprintDatabase","RouteView"
"030101","指纹库管理","0301","/networkMapping/criterionFingerprintDatabase/fingerprintDB","solidIcon icondevice","1","","10030101","","1","","1",,,,"1","fingerprintDB","RouteView"
"0302","资产指纹管理","3","/assetFingerManage/FingerCollectManage","solidIcon iconuserGroup","1","","100303","","1","","4",,,"/networkMapping/assetFingerManage/FingerCollectManage","1","assetFingerManage","RouteView"
"030201","指纹采集管理","0302","/networkMapping/assetFingerManage/FingerCollectManage","solidIcon iconrelease","1","","10030301","","1","","1",,,,"1","FingerCollectManage","RouteView"
"030202","资产指纹全貌","0302","/networkMapping/assetFingerManage/FingerprintPanorama","solidIcon iconassist","1","","10030302","","1","","2",,,,"1","FingerprintPanorama","RouteView"
"0303","资产扫描管理","3","/networkMapping/Assetscanningmanagement","solidIcon iconfingerprint","1","","100304","","1","","5",,,"/networkMapping/Assetscanningmanagement/ScanResultsManagement","1","Assetscanningmanagement","RouteView"
"030301","扫描模式管理","0303","/networkMapping/Assetscanningmanagement/ScanModeManagement","solidIcon icontimeLine","1","","10030401","","1","","1",,,,"1","ScanModeManagement","RouteView"
"030302","智能发现管理","0303","/networkMapping/Assetscanningmanagement/DiscoveryManagement","solidIcon iconai","1","","10030402","","1","","2",,,,"1","DiscoveryManagement","RouteView"
"030305","扫描结果管理","0303","/networkMapping/Assetscanningmanagement/ScanResultsManagement","solidIcon icontask","0","","10030404","","1","","5",,,,"1","ScanResultsManagement","RouteView"
"0304","采集基准管理","3","/collectBenchmark/collectMarkManage","solidIcon iconcomputer","1","","100302","","1","","3",,,"/networkMapping/collectBenchmark/collectMarkManage","1","collectMarkManage","RouteView"
"030401","采集类型管理","0304","/networkMapping/collectMarkManage/FingerTypeManage","solidIcon iconincomplete","1","","10030201","","0","","1",,,,"1","FingerTypeManage","RouteView"
"0403","风险可视化","4","/riskWarning/riskVisualization","solidIcon iconasn","0","","100603","","1","","3",,,"/riskVisualization/threatSituation","1","riskVisualization","RouteView"
"0501","威胁信息管理","5","","","0","","","","1","","0",,,,"0",,"RouteView"
"050101","威胁信息采集","5","","","0","","","","1","","1",,,,"0",,"RouteView"
"050102","威胁情报管理","5","/threatIntelligence/intelligenceManage","solidIcon iconcycle","1","","100404","","1","","3",,,"","1","intelligenceManage","RouteView"
"050103","威胁情报中心","5","/threatIntelligence/intelligenceCenter","solidIcon iconfingerprint","1","","100402","","1","","2",,,"","1","intelligenceCenter","RouteView"
"050104","威胁情报可视化","5","/threatIntelligence/intelligenceVisualization","solidIcon iconBusiness_system","1","","100405","","1","","1",,,,"1","intelligenceVisualization","RouteView"
"0601","防火墙策略管理","6","","","1","","","","1","","0",,,,"1",,"RouteView"
"060101","防火墙策略采集","0601","","","1","","","","1","","0",,,,"1",,"RouteView"
"060102","防火墙策略备份","0601","","","1","","","","1","","0",,,,"1",,"RouteView"
"060103","防火墙策略可视化","0601","","","1","","","","1","","0",,,,"1",,"RouteView"
"0602","运维流程管理","6","","","1","","","","1","","0",,,,"1",,"RouteView"
"060201","XXXXXXX","0602","","","1","","","","1","","0",,,,"1",,"RouteView"
"0603","运维时间优化","6","","","1","","","","1","","0",,,,"1",,"RouteView"
"060301","策略变更影响分析","0603","","","1","","","","1","","0",,,,"1",,"RouteView"
"060302","策略命中分析","0603","","","1","","","","1","","0",,,,"1",,"RouteView"
"060303","策略运维分析","0603","","","1","","","","1","","0",,,,"1",,"RouteView"
"060304","策略使用情况分析","0603","","","1","","","","1","","0",,,,"1",,"RouteView"
"0604","风险控制管理","6","","","1","","","","1","","0",,,,"1",,"RouteView"
"060401","策略过期检测","0604","","","1","","","","1","","0",,,,"1",,"RouteView"
"060402","重复配置检测","0604","","","1","","","","1","","0",,,,"1",,"RouteView"
"060403","不合理配置检测","0604","","","1","","","","1","","0",,,,"1",,"RouteView"
"060404","策略评估检测","0604","","","1","","","","1","","0",,,,"1",,"RouteView"
"0801","资产变更趋势统计","1366653951269433346","/statisticalreport/AssetChangeStatistics/AssetChangeStatistics","solidIcon iconassist","1","","100801","","1","","1",,,,"1","AssetChangeStatistics","AssetChangeStatistics"
"0901","基础信息管理","9","/basic/basicManage","solidIcon iconconfigure","1","","100901","","1","","1",,,"/basic/basicManage/manufacturerManagement","1","basicManage","RouteView"
"090101","机房管理","0901","/basic/basicManage/computerRoomManagement","","1","","10090103","","1","","3",,,,"1","computerRoomManagement","RouteView"
"090102","资产类型管理","0901","/basic/basicManage/assetTypeManagement","","1","","10090102","","1","","2",,,,"1","assetTypeManagement","RouteView"
"0902","数据管理","9","/basic/dataManagement","solidIcon icondata_management","1","","100902","","1","","3",,,"/basic/dataManagement/datatypemanagement","1","dataManagement","RouteView"
"090201","数据类型管理","0902","/basic/dataManagement/datatypemanagement","","1","","10090201","","1","","1",,,,"1","datatypemanagement","RouteView"
"090202","数据字典管理","0902","/basic/dataManagement/datadictionarymanagement","","1","","10090202","","1","","1",,,,"1","datadictionarymanagement","RouteView"
"090203","数据规则管理","0902","/basic/dataManagement/validationrules","","1","","10090203","","1","","3",,,,"1","validationrules","RouteView"
"0903","属性管理","9","/basic/propertyManage","solidIcon iconattribute","1","","100903","","1","","4",,,"/basic/basicManage/propertyClass","1","propertyManage","RouteView"
"090301","属性分类管理","0903","/basic/basicManage/propertyClass","","1","","10090301","","1","","1",,,,"1","propertyClass","RouteView"
"090302","资产属性模型","0903","/basic/propertyManage/assetAttributeModel","","1","","10090302","","1","","2",,,,"1","assetAttributeModel","RouteView"
"1","首页","0","","solidIcon iconhome","1","","1001","","1","","1",,,"/home","1","home","RouteView"
"100000006","资产管理","1","","","0","","indxe_asset_management","","1","","2",,,,"0",,"RouteView"
"100000007","资产信息","100000006","/assets/v/assetsManage/assetInfo","","1","","index_asste_info","","0","","1",,,,"1",,"RouteView"
"100000008","探索发现","100000006","/assets/v/assetsFingerprint/aiExplore","","1","","discover","","0","","2",,,,"1",,"RouteView"
"100000009","远程发现","100000006","/assets/v/assetsFingerprint/scanPlan","","1","","remote_discovery","","0","","3",,,,"1",,"RouteView"
"100000010","资产指纹采集","100000006","/assets/v/assetsFingerprint/fingerprintCollect","","1","","asset_fingerprint_collection","","0","","4",,,,"1",,"RouteView"
"100000011","资产分析","1","","","0","","asset_analysis","","1","","3",,,,"0",,"RouteView"
"100000013","异常资产分析","100000011","/assets/v/riskVisualization/riskModel","","1","","abnormal_asset_analysis","","0","","2",,,,"1",,"RouteView"
"100000014","脆弱性分析","1","","","0","","vulnerability_analysis","","1","","4",,,,"0",,"RouteView"
"100000015","资产漏洞发现","100000014","/assets/v/assetsVulnerability/vulnScanList","","1","","asset_vulnerability_discovery","","0","","1",,,,"1",,"RouteView"
"100000016","资产漏洞分析","100000014","/assets/v/assetsVulnerability/vulnAnalysis","","1","","asset_vulnerability_analysis","","0","","2",,,,"1",,"RouteView"
"100000017","专项漏洞分析","100000014","/assets/v/assetsVulnerability/specialVulnAnalysis","","1","","special_vulnerability_analysis","","0","","3",,,,"1",,"RouteView"
"100000018","弱口令分析","100000014","/assets/v/assetsVulnerability/weakPasswordAnalysis","","1","","weak_password_analysis","","0","","4",,,,"1",,"RouteView"
"100000019","综合视图","1","","wireframeicon icon-SystemApplication","0","","comprehensive_view","","1","","5",,,"/other/comprehensiveView/assetDistribution","1","comprehensiveView","RouteView"
"100000020","综合展示视图","100000019","/riskWarning/riskVisualization/threatSituation","solidIcon iconvisualization","1","","comprehensive_display_view","","0","","1",,,,"0","threatSituation_Quick","RouteView"
"100000021","脆弱性风险视图","100000019","/riskWarning/riskVisualization/vulnerability","solidIcon iconArrow_t","1","","vulnerability_risk_view","","0","","2",,,,"0","vulnerability_Quick","RouteView"
"100000022","资产异常风险视图","100000019","/riskWarning/riskVisualization/differentiation","icon solidIcon iconModel","1","","asset_anomaly_risk_view","","0","","3",,,,"1","differentiation_Quick","RouteView"
"100000025","采集策略管理","0304","/networkMapping/collectMarkManage/collectBenchmark","icon solidIcon iconcollection","1","","10030202","","0","","3",,,,"1","collectBenchmark","RouteView"
"100000026","风险模型计算","4","/riskWarning/riskModelCalculation","icon solidIcon iconModel","0","","100601","","0","","1",,,,"1","riskModelCalculation","RouteView"
"100000027","资产标签分析","0303","/assets/v/assetsFingerprint/assetsTag","","0","","asset_tag_analysi","","0","","6",,,,"0","123","RouteView"
"100000028","安全告警","4","/riskWarning/securityAlarm","icon solidIcon iconvisualization","1","","100602","","1","","2",,,"/riskWarning/securityAlarm/SecurityAlarm","1","securityAlarm","RouteView"
"100000029","未知资产管理","0303","/networkMapping/Assetscanningmanagement/UnknownAssetManagement","solidIcon iconhelp","1","","10030406","","0","","7",,,,"1","UnknownAssetManagement","RouteView"
"100000030","资产脆弱性","0","/vulnerability","wireframeicon icon-SystemApplication","0","","asset_01","","1","","14",,,"/vulnerability/loopholeManage","0","assetVulnerability","RouteView"
"100000031","漏洞管理","100000030","","icon solidIcon icondata_management","1","","asset_vuln","","1","","1",,,,"1",,"RouteView"
"100000032","漏洞知识库","100000031","/assets/v/assetsVulnerability/vulnKnowledgeBase","","1","","vuln_knoledge","","0","","1",,,,"1",,"RouteView"
"100000033","资产分类趋势统计","1366653951269433346","/statisticalreport/AssetClassificationStatistics/AssetClassificationStatistics","solidIcon iconassist","1","","100802","","0","","2",,,,"1","AssetClassificationStatistics","AssetClassificationStatistics"
"100000034","安全告警","100000028","/riskWarning/securityAlarm/SecurityAlarm","solidIcon iconTraffic_monitoring","1","","10060201","","0","","1",,,,"1","securityAlarm","RouteView"
"100000035","资产开放端口统计","1366653951269433346","/statisticalreport/AssetOpenportStatistics/AssetOpenportStatistics","solidIcon iconassist","1","","100803","","0","","3",,,,"1","AssetOpenportStatistics","AssetOpenportStatistics"
"100000036","告警策略管理","100000028","/riskWarning/securityAlarm/alarmPolicy","solidIcon iconAPI","1","","10060202","","0","","2",,,,"1","alarmPolicy","RouteView"
"100000037","漏洞分析管理","100000031","/assets/v/assetsVulnerability/vulnScanList","","1","","vuln_plan","","0","","1",,,,"1",,"RouteView"
"100000038","资产指纹信息统计","1366653951269433346","/statisticalreport/AssetFingerprintInformationStatistics/AssetFingerprintInformationStatistics","solidIcon iconassist","1","","100804","","0","","4",,,,"1","AssetFingerprintInformationStatistics","AssetFingerprintInformationStatistics"
"100000039","告警白名单","100000028","/riskWarning/securityAlarm/AlarmWhiteList","solidIcon iconMonitor","0","","10060203","","0","","3",,,,"1","AlarmWhiteList","RouteView"
"100000040","资产周期情况统计","1366653951269433346","/statisticalreport/AssetCycleStatistics/AssetCycleStatistics","solidIcon iconassist","1","","100805","","0","","5",,,,"1","AssetCycleStatistics","AssetCycleStatistics"
"100000041","漏洞白名单","100000031","/assets/v/assetsVulnerability/vulnWhiteList","","1","","vuln_white","","0","","1",,,,"1",,"RouteView"
"100000042","资产漏洞情况统计","1366653951269433346","/statisticalreport/AssetVulnerabilitySta/AssetVulnerabilitySta","solidIcon iconassist","0","","100806","","0","","6",,,,"1","AssetVulnerabilitySta","AssetVulnerabilitySta"
"100000043","漏洞分析","100000030","","icon solidIcon iconfingerprint","1","","vuln_anly","","1","","1",,,,"1",,"RouteView"
"100000044","资产脆弱性风险预警","0403","/riskWarning/riskVisualization/vulnerability","solidIcon iconArrow_t","1","","10060301","","0","","1",,,,"1","vulnerability","RouteView"
"100000045","资产漏洞分析","100000043","/assets/v/assetsVulnerability/vulnAnalysis","","1","","asset_vuln_anly","","0","","1",,,,"1",,"RouteView"
"100000046","专项漏洞分析","100000043","/assets/v/assetsVulnerability/specialVulnAnalysis","","1","","vuln_manager_anly","","0","","1",,,,"1",,"RouteView"
"100000047","资产威胁情况风险预警","0403","/riskWarning/riskVisualization/threatSituation","solidIcon iconvisualization_1","1","","10060302","","0","","2",,,,"1","threatSituation","RouteView"
"100000048","资产漏洞情况风险预警","0403","/riskWarning/riskVisualization/loopholeRisk","solidIcon iconReverse_checking","1","","10060303","","0","","3",,,,"1","loopholeRisk","RouteView"
"100000049","弱口令分析","100000043","/assets/v/assetsVulnerability/weakPasswordAnalysis","","1","","pwd","","0","","1",,,,"1",,"RouteView"
"100000050","资产差异化风险预警","0403","/riskWarning/riskVisualization/differentiation","solidIcon iconfirst","1","","10060304","","0","","4",,,,"1","differentiation","RouteView"
"100000051","权限管理","11","/system/auth/func","solidIcon iconPrivilege_management","1","","101302","","1","","2",,,"","1","permissionManage","RouteView"
"100000052","远程协助","11","/assets/v/systemManage/remote/remoteAssist","icon solidIcon iconassist","1","","remote_assistance","","0","","4",,,,"0",,"RouteView"
"100000053","数据备份","11","/assets/v/systemManage/dataBackUp","","0","","data_backup","","0","","5",,,,"0","dataBackUp","RouteView"
"100000054","用户管理","11","/other/userManage/userInfo","solidIcon iconrelease","1","","10130201","","0","","1",,,,"1","userManage","RouteView"
"100000055","组织机构管理","11","/other/userManage/org","solidIcon iconrecord","1","","10130202","","0","","2",,,,"1","orgManage","RouteView"
"100000056","用户组管理","11","/other/auth/userGroup","solidIcon iconuserGroup","1","","10130203","","0","","3",,,,"1","userGroupManage","RouteView"
"100000057","业务系统管理","11","/other/orgManage/orgInfo","solidIcon iconipad","1","","10130204","","0","","4",,,,"1","orgInfoList","RouteView"
"100000058","功能操作管理","11","/system/auth/func","solidIcon iconidentity","0","","10130205","","0","","5",,,,"0","funcManage","RouteView"
"100000059","角色管理","11","/system/auth/role","solidIcon iconai","1","","10130206","","0","","6",,,,"1","roleManage","RouteView"
"100000060","平台日志","11","/system/log","solidIcon iconTesting","1","","10130207","","0","","7",,,,"1","logManage","RouteView"
"100000061","锁定IP列表","11","/other/lockIp/lockip","solidIcon iconModel","1","","10130208","","0","","8",,,,"1","lockip","RouteView"
"100000062","资产拓扑","100000011","/assets/v/assetsManage/assetTopo","glyphicon glyphicon-random","1","","asset_topology","","0","","1",,,,"1",,"RouteView"
"100000063","厂商管理","0901","/basic/basicManage/manufacturerManagement","","1","","10090101","","0","","1",,,,"1","manufacturerManagement","RouteView"
"100000064","资产分布视图","100000019","/other/comprehensiveView/assetDistribution","wireframeicon icon-resource","1","","asset_view","","0","","4",,,,"1","assetDistribution_Quick","RouteView"
"100000065","域名备案查询","1","/assets/v/domainNameFiling/domainNameFiling","","0","","domainNameFiling","","0","","6",,,,"0",,"RouteView"
"100000066","常用场景","12","/maintain/commonScenes","solidIcon iconSecurity_threats","1",,"100701",,"0",,"1",,,,"1","commonScenes","RouteView"
"100000067","作业管理","12","/maintain/jobManagement","solidIcon iconservice","1",,"100702",,"0",,"2",,,"","1","jobManagement","RouteView"
"100000068","作业编排","12",,"solidIcon iconTongues","1",,"100000068",,"0",,"3",,,,"1","folw","RouteView"
"1001","自监控","11","/assets/v/platformMonitor/selfMonitor","wireframeicon icon-authTest","0","","11","","1","","0",,,,"0","ziJianKong","RouteView"
"100101","平台服务监控","","","","1","","","","1","","0",,,,"1",,"RouteView"
"100102","平台性能监控","","","","1","","","","1","","0",,,,"1",,"RouteView"
"100103","平台运行监控","","","","1","","","","1","","0",,,,"1",,"RouteView"
"100104","其他监控（预留）","","","","1","","","","1","","0",,,,"1",,"RouteView"
"1002","采集端监控","11","/assets/v/platformMonitor/collectMonitor","","0","","","","1","","3",,,,"0",,"RouteView"
"100201","运行负荷监控","","","","1","","","","1","","0",,,,"1",,"RouteView"
"100202","终端心跳监控","","","","1","","","","1","","0",,,,"1",,"RouteView"
"100203","识别异常监控","","","","1","","","","1","","0",,,,"1",,"RouteView"
"100204","其他监控（预留）","","","","1","","","","1","","0",,,,"1",,"RouteView"
"11","系统管理","0","/system","solidIcon iconsystem_configuration","1","","1013","","1","","2",,,"/other/userManage/userInfo","1","systemManage","RouteView"
"12","资产运维","0","/maintain","wireframeicon icon-cog","0","","1007","","1","","15",,,"/maintain/commonScenes","0","assetMaintain","RouteView"
"1296692262594473985","系统管理","0","/system","solidIcon iconsystem_configuration","0","","1013","","1","","2",,,"/other/userManage/userInfo","1","systemManage","RouteView"
"1296692698730786818","权限管理","1296692262594473985","/system/auth/func",,"1",,"20008",,"0",,"2",,,,"1","funcManage","RouteView"
"1348506805768851457","全文检索","0","/portraitRetrieval/fullTextRetrieval",,"0",,"1011",,"0",,"16",,,,"0","fullTextRetrieval","RouteView"
"1348507334838358017","资产画像","0","/portraitRetrieval/assetPortrait",,"0",,"1015",,"1",,"17",,,,"0","assetPortrait","RouteView"
"1356162870350249985","采集管理","9",,"solidIcon iconinternet","1",,"UNIFIED_COLLECTION_MANAGEMENT",,"1",,"2",,,"/collect/caCollect/scripts","1","统一采集管理","RouteView"
"1356181773235322881","脚本管理","1356162870350249985","/collect/caCollect/scripts","solidIcon iconhost1","1",,"100305",,"0",,"1",,,,"1","gatherScripts","RouteView"
"1356185649820794881","采集策略类型","1356162870350249985","/collect/caCollect/policyType","solidIcon iconAudit_management","1",,"10030502",,"0",,"2",,,,"1","policyType","RouteView"
"1356185965735772162","采集策略管理","1356162870350249985","/collect/caCollect/policyManage","solidIcon iconbinding","1",,"10030503",,"0",,"3",,,,"1","policyManage","RouteView"
"1356186299912749057","自定义函数管理","1356162870350249985","/collect/caAnalysis/customFunction","solidIcon iconsafe","1",,"10030504",,"0",,"1",,,,"1","customFunction","RouteView"
"1356186717413769218","运算符别名管理","1356162870350249985","/collect/caAnalysis/operatorAilas","solidIcon  iconarchives","1",,"10030505",,"0",,"5",,,"","1","operatorAilas","RouteView"
"1356186990043529218","设备类型映射管理","1356162870350249985","/collect/caSystemConfig/deviceTypeMapp","solidIcon iconTo_examine","1",,"10030506",,"0",,"6",,,,"1","deviceTypeMapp","RouteView"
"1356187234873442305","日志管理","1356162870350249985","/collect/caSystemConfig/logManage","solidIcon iconinformation_management","1",,"10030507",,"0",,"7",,,,"1","clogManage","RouteView"
"1356810034164334594","资产画像详情","0","/portraitRetrieval/assetPortraitInfo",,"0",,"101201",,"0",,"18",,,,"0","assetPortraitInfo","RouteView"
"1363889432797409281","防火墙策略核查","6","","","1",,"firewall_check",,"1",,"1",,,"","1","防火墙策略核查","RouteView"
"1363891200063205377","防火墙核查计划","1363889432797409281","/pearFront/netProtect/checkPlan",,"1",,"firewallCheckPlan",,"1",,"1",,,,"1","checkPlan","RouteView"
"1363896704416116737","离线脚本导出","1363889432797409281","/pearFront/netProtect/expScript",,"1",,"firewallScriptsOffline",,"0",,"2",,,,"1","expScript","RouteView"
"1363897874790510593","核查规则管理","1363889432797409281","/pearFront/netProtect/defineRule",,"1",,"firewallDefineRule",,"0",,"3",,,,"1","defineRule","RouteView"
"1363898270384680962","定义4A业务范围","1363889432797409281","/pearFront/netProtect/define4ARange",,"1",,"firewallDefine4ARange",,"0",,"4",,,,"1","define4ARange","RouteView"
"1364851537004490753","应急处置管理","0","oneClick","solidIcon iconlocked","0",,"disposal",,"0",,"19",,,"oneClicksafeDisposaldisposalMonitor","1","oneClickManage","RouteView"
"1364855696978112514","应急配置","1364851537004490753","/oneClick/disposalConfig/assetManage","solidIcon iconFragility","1",,"disposalConfig",,"1",,"3",,,"","1","disposalConfig","RouteView"
"1364855696978112515","安全处置","1364851537004490753","/oneClick/safeDisposal/disposal","solidIcon iconAttack_traceability","1",,"disposalConfig",,"1",,"2",,,"","1","safeDisposal","RouteView"
"1364861894414594050","应急处置管理","1364855696978112515","/oneClick/safeDisposal/disposal","solidIcon iconSignin","1",,"disposal1",,"0",,"2",,,"","1","disposalManage","RouteView"
"1364868935904423938","应急事件监控","1364851537004490753","/oneClick/safeDisposal/disposalMonitor","solidIcon icondifference","1",,"disposal2",,"0",,"1",,,"","1","disposalMonitor","RouteView"
"1364869174744870913","快速处置管理","1364855696978112515","/oneClick/safeDisposal/disposalFast","solidIcon iconascription","1",,"disposal3",,"0",,"1",,,,"1","disposalFast","RouteView"
"1364869515032948737","应急处置结果","1364855696978112515","/oneClick/safeDisposal/disposalResult","solidIcon iconProvinces","1",,"disposal4",,"0",,"3",,,,"1","disposalResult","RouteView"
"1364870596773310465","资产管理","1364855696978112514","/oneClick/disposalConfig/assetManage",,"0",,"disposal5",,"0",,"1",,,,"0","disposal5","RouteView"
"1364870840235880449","应急作业任务","1364855696978112514","/oneClick/fiveMonitorManage/FiveMonitorManage","solidIcon iconHardware","1",,"disposal6",,"0",,"1",,,,"1","disposalPlan","RouteView"
"1364871147783221249","处置模型配置","1364855696978112514","/oneClick/disposalConfig/disposalModelConfig","solidIcon iconManufactor","1",,"disposal7",,"0",,"1",,,,"1","disposalModelConfig","RouteView"
"1366300054654840833","处置首页","1","/oneClick/safeDisposal/disposalMonitor","solidIcon iconlocked","0",,"disposal_index",,"0",,"2",,,,"0","disposalMonitor_Quick","RouteView"
"1366565940468936706","漏洞信息管理","1366559021100462082",,"solidIcon iconOperation_maintenance","1",,"60002",,"1",,"2",,,,"1","vuln_info","RouteView"
"1366566330874753025","漏洞告警管理","1366559021100462082",,"solidIcon iconSelf_monitoring","1",,"60003",,"1",,"3",,,,"1","vuln_warn","RouteView"
"1366567128614596609","漏洞配置管理","1366559021100462082",,"solidIcon iconPrivilege_management","1",,"60004",,"1",,"4",,,,"1","vuln_info_config","RouteView"
"1366567384043515905","漏洞统计报表","8","/statisticalreport","solidIcon icondata_management","1",,"60005",,"1",,"5",,,"/leak/loophole/informationLoopholes","1","vuln_report","RouteView"
"1366567940032065537","漏洞扫描管理","1366565940468936706","/leak/taskPlanManage/list","solidIcon iconsystem_configuration","1",,"600001",,"0",,"2",,,,"1","taskPlanList","RouteView"
"1366569153465184258","漏洞信息管理","1366565940468936706","/leak/vulnInfo/list","solidIcon iconasset_management","1",,"600002",,"0",,"3",,,,"1","vulnInfoList","RouteView"
"1366569811757002753","漏洞整改管理","1366565940468936706","/leak/vulnCorrect/list","solidIcon iconsample","1",,"600003",,"0",,"4",,,,"1","vulnCorrectList","RouteView"
"1366570103806390273","漏洞历史管理","1366565940468936706","/leak/vulnHistory/list","solidIcon iconassist","1",,"600005",,"0",,"5",,,,"1","vulnHistoryList","RouteView"
"1366570398233948161","漏洞告警管理","1366566330874753025","/leak/vulnWarning/list","solidIcon iconbug","1",,"600006",,"0",,"1",,,,"1","vulnWarningList","RouteView"
"1366570772168732674","漏洞工单管理","1366566330874753025","/leak/vulnOrder/list","solidIcon iconCheck_mark","1",,"6000006",,"0",,"2",,,,"1","vulnOrderList","RouteView"
"1366571151266705409","扫描器配置","1366567128614596609","/leak/scannerManage/list","solidIcon icontopology","1",,"600012",,"0",,"1",,,,"1","scannerList","RouteView"
"1366571425205088258","漏洞备案管理","1366567128614596609","/leak/vulnSetting/alarmWhiteList","solidIcon iconperformance","1",,"600013",,"0",,"2",,,,"1","LeakWhiteList","RouteView"
"1366571798791745537","接口配置","1366567128614596609","/leak/interface/list","solidIcon iconChanging_tren","1",,"600014",,"0",,"3",,,,"1","interfaceList","RouteView"
"1366572508627365890","漏洞信息统计报表","1366567384043515905","/leak/loophole/informationLoopholes","solidIcon iconassist","1",,"600021",,"0",,"1",,,,"1","informationLoopholes","RouteView"
"1366573193192304641","部门漏洞统计报表","1366567384043515905","/leak/loophole/departmentalLoopholes","solidIcon iconassist","1",,"600022",,"0",,"2",,,"","1","departmentalLoopholes","RouteView"
"1366573532717019138","地市漏洞统计报表","1366567384043515905","/leak/loophole/cityLoopholes","solidIcon iconassist","1",,"600024",,"0",,"3",,,,"0","cityLoopholes","RouteView"
"1366573887387365377","专业漏洞统计报表","1366567384043515905","/leak/loophole/professionalLoopholes","solidIcon iconassist","1",,"600025",,"0",,"4",,,,"1","professionalLoopholes","RouteView"
"1366574697022255105","资产漏洞统计报表","1366567384043515905","/leak/loophole/assetsLoopholes","solidIcon iconassist","1",,"600026",,"0",,"5",,,,"1","assetsLoopholes","RouteView"
"1366575362616356865","漏洞累计次数统计报表","1366567384043515905","/leak/loophole/cumulativetimesLoopholes","solidIcon iconassist","1",,"600027",,"0",,"6",,,,"1","cumulativetimesLoopholes","RouteView"
"1366575750753054722","资产端口开放统计报表","1366567384043515905","/leak/loophole/portopenLoopholes","solidIcon iconassist","1",,"600028",,"0",,"7",,,,"1","portopenLoopholes","RouteView"
"1366653951269433346","资产统计报表","8",,"solidIcon icondevice","1",,"7000001",,"0",,"1",,,"","1","assets_report","RouteView"
"1374962278227263489","新增在线计划","1363889432797409281","/pearFront/netProtect/OnlinePlanAdd",,"1",,"firewallOnlinePlanAdd",,"0",,"1",,,,"0","onlinePlanAdd","RouteView"
"1381790891337666562","指纹概况","3","/fingerprintSummary","wireframeicon  icon-track","1",,"100306",,"0",,"1",,,"","1","fingerprintSummary","FingerprintSummary"
"1385512296931741697","站内信","0","","solidIcon iconmsg","0",,"1019",,"0",,"11",,,"/mail/msglog/SendRecord","1","assetMail","RouteView"
"1386220133894934529","站内信配置","1385512296931741697","","solidIcon iconcode","1",,"101902",,"1",,"1",,,"/mail/msg/MessageConfiguration","1","MessageConfiguration","RouteView"
"1386221071414153217","消息配置","1386220133894934529","/mail/msg/MessageConfiguration","solidIcon iconinformation_management","1",,"10190201",,"0",,"1",,,,"1","MessageConfiguration","RouteView"
"1387210645795852289","公告","1385512296931741697",,"solidIcon iconarchives","0",,"101903",,"1",,"1",,,"/mail/notice/NoticeSend","1","NoticeSend","RouteView"
"1387211255207251969","公告配置","1387210645795852289","/mail/notice/NoticeSend","solidIcon icontodo","1",,"10190301",,"0",,"1",,,,"1","NoticeSend","RouteView"
"1387589000651165697","消息日志","1385512296931741697",,"wireframeicon icon-report","1",,"101904",,"0",,"1",,,"/mail/msglog/SendRecord","1","SendRecord","RouteView"
"1387589520556118017","消息日志","1387589000651165697","/mail/msglog/SendRecord","wireframeicon icon-report","1",,"10190401",,"0",,"1",,,,"1","SendRecord","RouteView"
"1391571658292965378","推送记录","1387210645795852289","/mail/notice/NoticeSendLog","solidIcon iconModel","1",,"10190302",,"0",,"1",,,,"1","NoticeSendLog","RouteView"
"1394586984681099266","网站基线","1364855696978112514","/oneClick/sitebaseline/SiteBaseLine","solidIcon iconfirewall","1",,"disposal33",,"0",,"6",,,,"1","SiteBaseLine","RouteView"
"1401776759951335426","可视化管理","9","/chart","solidIcon iconTongues","1",,"100905",,"1",,"5",,,"/chart/portal","1","chart","RouteView"
"1401777142929039361","数据源管理","1401776759951335426","/other/chart/portal","solidIcon iconTongues","1",,"10090501",,"0",,"2",,,,"1","Portal","RouteView"
"1404991334985306114","项目管理","1401776759951335426",,"solidIcon iconsample","0",,"10090502",,"0",,"1",,,,"1","visualization_project","RouteView"
"1407903732973006850","工单管理","100000028","/leak/vulnOrder/list","solidIcon iconCheck_mark","0",,"10060204",,"0",,"4",,,,"1","vulnOrderList","RouteView"
"1409402628857491457","安全事件","100000028","/riskWarning/securityEvent","solidIcon iconModel","0",,"security_event",,"0",,"4",,,,"1","securityEvent","RouteView"
"1415345088314015746","资产入网核查","0201","/infoAssets/assetsManage/assetAccessVerification","solidIcon iconasn","0",,"1000101",,"0",,"2",,,,"1","assetAccessVerification","RouteView"
"1415377930184097794","安全设备状态监控","0","/safety_equipment_status_monitoring","solidIcon iconReverse_checking","0",,"1500001",,"1",,"20",,,"/SafetyEquipmentStatusMonitoring/IdsipsMonitoring","0","safety_equipment_status_monitoring","RouteView"
"1415378360767152130","IDS/IPS设备状态监控","1415377930184097794","/SafetyEquipmentStatusMonitoring/IdsipsMonitoring","icon solidIcon iconModel","1",,"150002",,"0",,"2",,,,"1","IdsipsMonitoring","IdsipsMonitoring"
"1415378507609735169","WAF设备状态监控","1415377930184097794","/SafetyEquipmentStatusMonitoring/WafMonitoring","solidIcon iconcycle","1",,"150003",,"0",,"2",,,"","1","WafMonitoring","WafMonitoring"
"1415378676124286978","DDOS设备状态监控","1415377930184097794","/SafetyEquipmentStatusMonitoring/DdosMonitoring","solidIcon iconvisualization_1","1",,"150004",,"0",,"3",,,,"1","DdosMonitoring","DdosMonitoring"
"1425379538989047809","拓扑图","3","/topology/AssetTopology","solidIcon iconKafka","1",,"100307",,"0",,"6",,,,"0","AssetTopology","RouteView"
"1447761225718784001","探针管理","0901","/basic/basicManage/probeManagement",,"1",,"100900102",,"0",,"4",,,,"1","probeManagement","RouteView"
"1450346266172968962","低效无效资产","0303","/riskWarning/riskVisualization/inefficientAssets","","1",,"inefficient assets",,"0",,"8",,,,"1","inefficientAssets","RouteView"
"1450384853945929730","资产拓扑管理","3","/topology/AssetTopology/list","solidIcon iconKafka","1",,"100308",,"0",,"7",,,,"1","AssetTopologyList","RouteView"
"1451475421732130000","流程管理","0","","solidIcon iconRouter","0",,"TAXUS-WORKSPACE",,"0",,"21",,,"/taxus/workspace/myWorkspace","0","workspace","RouteView"
"1451475421732130518","审批管理","1451475421732130000","",,"1",,"WORKSPACE-MYWORKSPACE",,"1",,"1",,,"/taxus/approver/users","1","审批管理","RouteView"
"1451475421732130528","审批人管理","1451475421732130518","/taxus/approver/users",,"1",,"APPROVER-USERS",,"0",,"1",,,,"1","审批人管理","RouteView"
"1451475421732130618","流程定义","1451475421732130000","",,"1",,"FLOW-DESIGN",,"1",,"1",,,"/taxus/flow/flowDesign","1","流程定义","RouteView"
"1451475421732130628","流程定义","1451475421732130618","/taxus/flow/flowDesign",,"1",,"FLOW-DESIGN",,"0",,"1",,,,"1","流程定义","RouteView"
"1451475421732130638","实例管理","1451475421732130618","/taxus/flow/flowCase",,"1",,"FLOW-FLOWCASE",,"0",,"2",,,,"1","实例管理","RouteView"
"1451475421732130648","任务管理","1451475421732130618","/taxus/flow/flowTask",,"1",,"FLOW-FLOWTASK",,"0",,"3",,,,"1","任务管理","RouteView"
"1451475421732130658","流程分类管理","1451475421732130618","/taxus/flow/flowTypes",,"1",,"FLOW-FLOWTYPES",,"0",,"4",,,,"1","流程分类管理","RouteView"
"1451475421732130668","流程脚本管理","1451475421732130618","/taxus/form/flowScript",,"1",,"FLOW-FLOWSCRIPT",,"0",,"5",,,,"1","流程脚本管理","RouteView"
"1460441510772027394","漏洞生命周期管理","0","/leak","solidIcon iconbingchongqingbao","1",,"new_vuln",,"1",,"3",,,"/safeLeak/VulnDetectionManagement/ScanningTaskNew","1","assetLeak","RouteView"
"1460500534947295234","安全漏洞概况","1460441510772027394","/leak/vulnerabilities/security","solidIcon iconconfigure","0",,"group-security-dashboard",,"0",,"1",,,"","1","riskVisualization","RouteView"
"1460500916024979457","安全配置管理","1460441510772027394","","solidIcon iconModel","1",,"createSecurityConfiguration",,"1",,"6",,,"/assetLeak/SecurityConfigurationManage","1","SecurityConfigurationManage","RouteView"
"1460501532667359234","系统漏洞风险排查","1460441510772027394","","solidIcon iconfirst","1",,"vulnerability",,"1",,"2",,,"/assetLeak/VulnDetectionManagement/ScanningTaskAssess","1","VulnDetectionManagement","RouteView"
"1460501758455132161","系统漏洞修复","1460441510772027394","/assetLeak/VulnInfoManagement/VulnInfoManagement","solidIcon iconTongues","1",,"vulnerability-management",,"1",,"3",,,"","1","VulnCorrectList","RouteView"
"1460501975728467969","漏洞风险管理","1460441510772027394","","solidIcon iconSwitch","0",,"risk-aware",,"1",,"4",,,"/assetLeak/VulnRiskManagement/VulnRiskAssess","1","VulnRiskManagement","RouteView"
"1460502373600145409","扫描性能监控","1460500916024979457","/assetLeak/SecurityConfigurationManage/ScannerPerformanceMonitoring","solidIcon icontimeLine","0",,"monitoring",,"0",,"1",,,"","1","ScannerPerformanceMonitoring","RouteView"
"1460502659026726913","扫描器接口配置","1460500916024979457","/assetLeak/SecurityConfigurationManage/ScannerInterfaceConfiguration","solidIcon iconSwitch","0",,"zbar_image_scanner_destroy",,"0",,"2",,,"","1","ScannerInterfaceConfiguration","RouteView"
"1460502817902768130","扫描节点管理","1460500916024979457","/assetLeak/SecurityConfigurationManage/ScannerNodeManage","solidIcon iconModel","0",,"nodeList",,"0",,"4",,,"","0","ScannerNodeManage","RouteView"
"1460502817902768131","POC脚本管理","1460500916024979457","/assetLeak/SecurityConfigurationManage/POCScriptManagement","solidIcon iconsample","1",,"pocList",,"0",,"5",,,"","1","POCScriptManagement","RouteView"
"1460503024753258497","扫描流程编排","1460500916024979457","/topology/assetFlow/list","solidIcon iconFill","0",,"process-orchestration-specification",,"0",,"3",,,"","1","AssetFlow","RouteView"
"1460503511418351618","扫描任务评估","1460501532667359234","/assetLeak/VulnDetectionManagement/ScanningTaskAssess","solidIcon iconProvinces","0",,"TaskAssessments",,"0",,"1",,,"","1","ScanningTaskAssess","RouteView"
"1460504188836196354","扫描任务管理(旧)","1460501532667359234","/assetLeak/VulnDetectionManagement/ScanningTask","solidIcon iconMonitor","0",,"abortTask",,"0",,"2",,,,"1","ScanningTask","RouteView"
"1460504718245441538","扫描队列管理","1460501532667359234","/assetLeak/VulnDetectionManagement/ScanningQueueMag","solidIcon iconFill","0",,"dequeued",,"0",,"3",,,"","1","dequeued","RouteView"
"1460504859153084417","扫描结果管理","1460501532667359234","/assetLeak/VulnDetectionManagement/ScanningResult","solidIcon iconSwitch","0",,"wpa_scan_results",,"0",,"4",,,,"1","ScanningResult","RouteView"
"1460505037994012673","扫描场景管理","1460501532667359234","/assetLeak/VulnDetectionManagement/ScanningScene","icon solidIcon iconcollection","0",,"scenemanager",,"0",,"5",,,,"1","ScanningScene","RouteView"
"1460505037994012674","漏洞验证管理","1539508753722441729","/safeLeak/VulnDetectionManagement/VulnVerifyMagNew","solidIcon  iconarchives","0",,"vulnCheck",,"0",,"3",,,"","1","VulnVerifyMag","RouteView"
"1460505037994012675","分类定级管理","11","/system/auth/rescgroup","solidIcon  iconinternet","0","","rescgroup","","0","","3","","","","1","rescgroup","RouteView"
"1460506666331877378","漏洞整改评估","1460501758455132161","/assetLeak/VulnInfoManagement/VulnCorrectAssess","solidIcon iconIncrease_assets","0",,"VulnerabilityRectificationAssessment",,"0",,"1",,,,"1","VulnCorrectAssess","RouteView"
"1460506977029140481","系统漏洞档案库","1460501758455132161","/assetLeak/VulnInfoManagement/VulnInfoManagement","solidIcon iconCheck_mark","1",,"VulnerabilityInformationManagement",,"0",,"2",,,"","1","newVulnInfoManagement","RouteView"
"1460507224287555586","漏洞整改管理","1460501758455132161","/assetLeak/VulnInfoManagement/VulnCorrectManage","solidIcon iconLoophole","1",,"VulnerabilityRectificationManagement",,"0",,"3",,,"","1","newVulnCorrectManage","RouteView"
"1460507424129363969","漏洞备案管理 | 黑龙江 | 2020","1460501758455132161","/assetLeak/VulnInfoManagement/AlarmWhiteList","solidIcon iconSwitch","0",,"VulnerabilityRecordManagement",,"0",,"5",,,"","0","newAlarmWhiteList","RouteView"
"1460507589590462465","漏洞历史管理","1460501758455132161","/assetLeak/VulnInfoManagement/vulnHistoryManage","solidIcon iconTongues","0",,"VulnerabilityHistoryManagement",,"0",,"9",,,"","1","newVulnHistoryManage","RouteView"
"1460507782775910402","漏洞风险评估","1460501975728467969","/assetLeak/VulnRiskManagement/VulnRiskAssess","solidIcon iconSwitch","1",,"VulnerabilityRiskAssessment",,"0",,"1",,,"","1","VulnRiskAssess","RouteView"
"1460507973344112642","潜在漏洞识别","1460501975728467969","/riskWarning/riskVisualization/vulnerability","solidIcon iconTongues","1",,"PotentialVulnerabilityIdentification",,"0",,"2",,,,"1","PotentialVulnerabilityIdentification","RouteView"
"1460508184309215233","漏洞影响分析","1460501975728467969","/riskWarning/riskVisualization/loopholeRisk","solidIcon iconFill","0",,"VulnerabilityImpactAnalysis",,"0",,"3",,,,"1","VulnerabilityImpactAnalysis","RouteView"
"1460508347366977537","漏洞告警管理","1460501975728467969","/leak/vulnWarning/list","solidIcon iconbug","0",,"VulnerabilityAlertManagement",,"0",,"4",,,,"1","VulnWarningManage","RouteView"
"1460508508684103681","漏洞工单管理","1460501975728467969","/leak/vulnOrder/list","solidIcon iconCheck_mark","0",,"VulnerabilityTicketManagemen",,"0",,"5",,,,"1","VulnOrderManage","RouteView"
"1461232698408120321","流程图","3","/topology/assetFlow",,"1",,"100309",,"0",,"8",,,,"0","AssetFlow","RouteView"
"1462664449286287362","资产流程管理","3","/topology/assetFlow/list","solidIcon iconFill","1",,"100310",,"0",,"8",,,,"0","AssetFlowList","RouteView"
"1463769009220300802","任务工作台","0","","solidIcon iconzhurengongzuotai-sel","0",,"processcenter",,"1",,"4",,,"/safeLeak/OperationCenter/SysVulnOrder","1","ProcessCenter","RouteView"
"1463769589384818689","流程中心","1463769009220300802","/assetLeak/ProcessCenter/ProcessCenterManage","solidIcon iconSignin","1",,"ProcessCenter01",,"0",,"1",,,,"0","ProcessCenterManage","RouteView"
"1464057844021932034","待办事项","1463769009220300802","/assetLeak/ProcessCenter/ScheduleManage","solidIcon iconProvinces","0",,"Schedule01",,"0",,"2",,,,"0","Schedule","RouteView"
"1464058110242795521","草稿箱","1463769009220300802","/assetLeak/ProcessCenter/Drafts","solidIcon iconManufactor","0",,"Drafts01",,"0",,"3",,,,"1","Drafts","RouteView"
"15","资产管理","14","/cmSys/device/devicelist",,"1",,"11003",,"0",,"3",,,,"1","deviceList","DeviceList"
"1508980547038916610","数通策略管理","0302","/networkMapping/assetFingerManage/DataStrategyManage","solidIcon iconSwitch","1",,"data_communication_equipment_manage",,"0",,"3",,,,"1","data_communication_equipment_manage","RouteView"
"1509000753488506881","运营中心(老版本)","1463769009220300802","/assetLeak/ProcessCenter/OperationCenter","solidIcon icondifference","0",,"OperationCenter",,"0",,"1",,,,"1","OperationCenter","RouteView"
"1527102860842188801","漏洞数量","1460501532667359234","/assetLeak/VulnDetectionManagement/ScanningTask/VulnNum",,"0",,"202205190943",,"0",,"1",,,,"0","VulnNum","RouteView"
"1539508753722441729","产品漏洞管理","1460441510772027394","/assetLeak/productVuln","icon solidIcon iconvisualization","1",,"200003311",,"1",,"4",,,"/assetLeak/productVuln/productVulnInfo","1","ProductVulnManage","RouteView"
"1539859225532628994","威胁发现管理","0303","/networkMapping/assetScan/weiXieFind","solidIcon iconziyuan1532","0",,"200003355",,"0",,"3",,,,"1","WeiXieFind","RouteView"
"1539866407535837186","基线管理","0901","/oneClick/sitebaseline/SiteBaseLine","solidIcon iconfirewall","1",,"20000335566",,"0",,"5",,,,"0","SiteBaseLine","RouteView"
"1543797353188360193","业务系统漏洞统计报表","1366567384043515905","/leak/loophole/businessLoopholes","solidIcon iconModel","1",,"600023",,"0",,"3",,,,"1","businessLoopholes","RouteView"
"1548863682379448322","靶场环境管理","1539508753722441729","/assetLeak/productVuln/range",,"0",,"2000033456",,"0",,"1",,,,"0","RangeManage","RouteView"
"1552943830527520770","上报矩阵管理","1463769009220300802","/assetLeak/ProcessCenter/filterMatrix","solidIcon iconshujuguolv-fangchaguolvdeng","0",,"190501",,"0",,"5",,,,"1","FilterMatrixManage","RouteView"
"1574299841947398145","封堵核查管理","1364855696978112515","/oneClick/safeDisposal/pluggingCheck","solidIcon iconFull_text_search","1",,"170204",,"0",,"4",,,,"1","pluggingCheck","RouteView"
"1593435971800211458","系统漏洞关联分析","1460501532667359234","/assetLeak/VulnDetectionManagement/glfx","solidIcon iconcollection","0",,"xitongloudongguanlianfenxi",,"0",,"6",,,,"1","GuanLianFenXi","RouteView"
"1593444449075798017","系统漏洞POC检测","1460501532667359234","/assetLeak/VulnDetectionManagement/poc","solidIcon iconSwitch","0",,"pocjiancha",,"0",,"7",,,,"1","PocJianCha","RouteView"
"1595337095469801473","策略同步管理","1463769009220300802","/assetLeak/ProcessCenter/ceLueTongBu","solidIcon iconFill","0",,"CeLueTongBu",,"0",,"7",,,,"0","CeLueTongBu","RouteView"
"16","用户管理","1296692262594473985","/other/userManage/userInfo",,"0",,"20002",,"0",,"1",,,,"1","userManage","RouteView"
"1611194189548822529","度量评价结果展示","1460500916024979457","/assetLeak/SecurityConfigurationManage/MetricEvaluateResult","solidIcon iconSwitch","1",,"2023161052",,"0",,"7",,,,"1","MetricEvaluateResult","RouteView"
"1612705428519198722","POC引擎管理","1460500916024979457","/assetLeak/SecurityConfigurationManage/POCEngineManagement","solidIcon iconhezi","1",,"POCEngineManagement",,"0",,"6",,,,"1","POCEngineManagement","RouteView"
"1620333064963710977","资产指纹画像","0302","/networkMapping/assetFingerManage/FingerprintPortrait","solidIcon iconSwitch","1",,"202301311427",,"0",,"4",,,,"1","FingerprintPortrait","RouteView"
"1642717549839511554","漏洞名单管理","1539508753722441729","/assetLeak/ProductVulnManage/BlackWhiteList","solidIcon iconsystem_configuration","1",,"202304031035",,"0",,"6",,,,"1","BlackWhiteList","RouteView"
"1644160862379569154","漏洞备案管理","1460501758455132161","/assetLeak/vulnInfo/vulnBeiAn/1","solidIcon iconSwitch","1",,"loudongbeian",,"0",,"4",,,,"1","VulnBeiAn","RouteView"
"1650422780413046785","暴露面任务管理","1460501532667359234","/assetLeak/VulnDetectionManagement/IpExposedTask","solidIcon iconMonitor","0",,"20230424",,"0",,"2",,,,"1","IpExposedTask","RouteView"
"1667073862931193858","渗透报告管理","1460501532667359234","/assetLeak/VulnDetectionManagement/renGongShenTou","solidIcon iconai","1",,"2023053009",,"0",,"1",,,"","1","RenGongShenTou","RouteView"
"1668189450841784321","漏洞风险排查","1539508753722441729","/assetLeak/ProductVulnManage/FingerprintPortrait","solidIcon icon-contrast","0",,"20230612",,"0",,"7",,,,"1","assetLeakFingerprintPortrait","RouteView"
"1668193891607281666","漏洞风险排查详情","1539508753722441729","/assetLeak/ProductVulnManage/FingerprintPortrait/Info","solidIcon icon-factoryInfo","0",,"202306121748",,"0",,"8",,,,"0","assetLeakFingerprintPortraitInfo","RouteView"
"1671414988406423554","工单中心","1463769009220300802","/assetLeak/ProcessCenter/OrderCenter","solidIcon icon80","0",,"20230621",,"0",,"7",,,,"1","OrderCenter","RouteView"
"1671416023610982401","工单中心待办事项","1463769009220300802","/assetLeak/ProcessCenter/OrderCenterSchedule","solidIcon iconBusiness_system","0",,"202306211512",,"0",,"8",,,,"1","OrderCenterSchedule","RouteView"
"1681143396422119425","漏洞报告","8","/assetLeak/report","solidIcon iconbingchongqingbao","1",,"1008003",,"1",,"3",,,"/assetLeak/report/vulnScan","1","VulnReport","RouteView"
"1681144379017523202","扫描任务报告","1681143396422119425","/assetLeak/report/vulnScan","solidIcon iconassist","1",,"100800301",,"0",,"1",,,,"1","VulnScan","RouteView"
"1681908079877943297","产品漏洞知识库","1539508753722441729","/safeLeak/productVuln/productVulnInfoNew","solidIcon iconconfigure","1",,"2023072014",,"0",,"1",,,,"1","ProductVulnInfoManageNew","RouteView"
"1684370697892917249","漏洞验证管理","1539508753722441729","/safeLeak/VulnDetectionManagement/VulnVerifyMagNew","solidIcon iconarchives","1",,"202307270909",,"0",,"3",,,,"1","VulnVerifyMagNew","RouteView"
"1686552851162853378","专项任务管理","1539508753722441729","/safeLeak/VulnDetectionManagement/SpecialTaskMagNew","solidIcon iconapplicationsecurity","1",,"2023080209",,"0",,"2",,,,"1","SpecialTaskMagNew","RouteView"
"1687381763082153985","运营中心","1463769009220300802","/safeLeak/ProcessCenterNew","solidIcon iconcooperation","1",,"20231635",,"1",,"1",,,,"1","ProcessCenterNew","RouteView"
"1697163670900678657","系统漏洞排查处置工单","1687381763082153985","/safeLeak/OperationCenter/SysVulnOrder","solidIcon iconnetworksecurity","1",,"202308211624",,"0",,"2",,,,"1","SysVulnOrder","RouteView"
"1697164337493024769","产品漏洞验证工单","1687381763082153985","/safeLeak/OperationCenter/ProVulnVerOrder","solidIcon iconbug","0",,"202308311626",,"0",,"3",,,,"1","ProVulnVerOrder","RouteView"
"1699343732869668865","扫描任务管理","1460501532667359234","/safeLeak/VulnDetectionManagement/ScanningTaskNew","solidIcon iconrisk","1",,"202309061694",,"0",,"8",,,,"1","ScanningTaskNew","RouteView"
"17","组织机构管理","1296692262594473985","/system/userManage/org",,"1",,"20003",,"0",,"6",,,,"1","orgManage","RouteView"
"1703659629725769730","指标任务管理","1460501532667359234","/safeLeak/VulnDetectionManagement/TargetTaskMag","solidIcon iconassess","1",,"202309181436",,"0",,"2",,,,"1","TargetTaskMag","RouteView"
"1703974544726450178","运营任务管理 | 黑龙江","1460501758455132161","/safeLeak/SysVulnRepair/ScanTaskCorrectManage","solidIcon iconassist","1",,"2023091911",,"0",,"7",,,,"1","ScanTaskCorrectMag","RouteView"
"1705060863087108098","产品漏洞预警任务","1687381763082153985","/safeLeak/OperationCenter/ProVulnWarnTask","solidIcon iconwarning","1",,"2023092225",,"0",,"3",,,,"1","ProVulnWarnTask","RouteView"
"1705061162233257986","产品漏洞同步任务","1687381763082153985","/safeLeak/OperationCenter/ProVulnSyncTask","solidIcon iconFill","1",,"2023092226",,"0",,"4",,,,"1","ProVulnSyncTask","RouteView"
"1706555725401710593","跨级联动任务","1687381763082153985","/safeLeak/OperationCenter/CrossLevelTask","solidIcon iconoracle","1",,"2023092614",,"0",,"6",,,,"1","CrossLevelTask","RouteView"
"1706598275214893057","下级文件上传","1687381763082153985","/safeLeak/OperationCenter/SubFileUpload","solidIcon iconshuchu","0",,"2023092617",,"0",,"7",,,,"1","SubFileUpload","RouteView"
"1713796429907668993","平台安全设备注册","1687381763082153985","/safeLeak/OperationCenter/PlatSecurityDeviceReg","solidIcon iconapplicationsecurity","1",,"2023101613",,"0",,"8",,,,"1","PlatSecurityDeviceReg","RouteView"
"1714523188525445122","上报资产信息","1460500916024979457","/safeLeak//SecurityConfigurationManage/ReportAssets","solidIcon icontodo","1",,"2023101814",,"0",,"9",,,,"1","ReportAssets","RouteView"
"1715288030853115906","口令字典同步任务","1687381763082153985","/safeLeak/OperationCenter/PasswordDicSyncTask","solidIcon iconWeak_password","1",,"2023102016",,"0",,"8",,,,"1","PasswordDicSyncTask","RouteView"
"1716655847615672321","测试数据交互","1687381763082153985","/safeLeak/OperationCenter/TestDataInteraction","solidIcon iconnetworksecurity","1",,"2023102411",,"0",,"9",,,,"1","TestDataInteraction","RouteView"
"1716745121165914113","部侧工具包","1460500916024979457","/safeLeak/SecurityConfigurationManage/SideToolPage","solidIcon iconBusiness_system","0",,"2023102417",,"0",,"10",,,,"0","SideToolPage","RouteView"
"1717376315115122689","安全设备资源","1460500916024979457","/safeLeak/SecurityConfigurationManage/SecurityResourceDevice","solidlcon iconsafe","1",,"2023081709",,"0",,"8",,,,"1","SecurityResourceDevice","RouteView"
"1717377961826103298","工单文件下载","1687381763082153985","/safeLeak/OperationCenter/OrderFileDownload","solidIcon iconassist","0",,"2023102611",,"0",,"10",,,,"1","OrderFileDownload","RouteView"
"1717777455411539970","策略协商管理","1687381763082153985","/safeLeak/OperationCenter/PolicyNegotiatioMag","solidIcon iconSwitch","0",,"20231336",,"0",,"11",,,,"1","PolicyNegotiatioMag","RouteView"
"1720006375749890050","靶标资产信息管理","1539508753722441729","/safeLeak/TargetEnvMag","solidIcon iconbianliangguanlizu","1",,"202311021713",,"0",,"11",,,,"1","TargetEnvMag","RouteView"
"1724694005552951298","漏洞首页","1","/vulnhome","solidIcon iconhome","1",,"20231115",,"0",,"1",,,,"1","VulnHome","VulnHome"
"1729038685249908737","系统漏洞常态化数据上报","1687381763082153985","/safeLeak/OperationCenter/SysVulnReport","solidIcon icontodo1","1",,"20231127",,"0",,"13",,,,"1","SysVulnReport","RouteView"
"1739557586832371714","离线升级包","1460500916024979457","/safeLeak/SecurityConfigurationManage/SideToolPage","solidIcon iconhezi","0",,"2023122616",,"0",,"10",,,,"1","SideToolPage","RouteView"
"1745354446377496577","产品漏洞上传任务","1687381763082153985","/safeLeak/OperationCenter/DataReportMag","solidIcon iconbianliangguanlizu","1",,"sjsb24111",,"0",,"14",,,,"1","DataReportMag","RouteView"
"1862486631453622273","综合分析管理","1460441510772027394","/safeLeak/VulnManage","solidIcon iconSecurity_threats","0",,"zonghefenxi",,"1",,"10",,,,"1","zonghefenxi1","RouteView"
"1862486631453622274","专项漏洞管理","1460441510772027394","/safeLeak/VulnManage","solidIcon iconSecurity_threats","1",,"zonghefenxi",,"1",,"11",,,,"1","zonghefenxi2","RouteView"
"1862486631453622275","POC脚本管理","1460441510772027394","/safeLeak/VulnManage","solidIcon iconSecurity_threats","0",,"zonghefenxi",,"1",,"12",,,,"1","zonghefenxi3","RouteView"
"1862486631453622276","度量评价结果展示","1460441510772027394","/safeLeak/VulnManage","solidIcon iconSecurity_threats","0",,"zonghefenxi",,"1",,"13",,,,"1","zonghefenxi4","RouteView"
"1862486631453622277","任务自动化调度接口","1460441510772027394","/safeLeak/VulnManage","solidIcon iconSecurity_threats","0",,"zonghefenxi",,"1",,"14",,,,"1","zonghefenxi5","RouteView"
"1862486631453622278","关联分析能力接口","1460441510772027394","/safeLeak/VulnManage","solidIcon iconSecurity_threats","0",,"zonghefenxi",,"1",,"15",,,,"1","zonghefenxi6","RouteView"
"1862486631453622279","漏洞误报验证能力接口","1460441510772027394","/safeLeak/VulnManage","solidIcon iconSecurity_threats","0",,"zonghefenxi",,"1",,"16",,,,"1","zonghefenxi7","RouteView"
"1862486631453622280","产品漏洞标准化","1460441510772027394","/safeLeak/VulnManage","solidIcon iconSecurity_threats","0",,"zonghefenxi",,"1",,"17",,,,"1","zonghefenxi8","RouteView"
"1862486631453622281","POC任务调度管理","1460441510772027394","/safeLeak/VulnManage","solidIcon iconSecurity_threats","0",,"zonghefenxi",,"1",,"18",,,,"1","zonghefenxi9","RouteView"
"1862486631453622282","安全设备注册接口","1460441510772027394","/safeLeak/VulnManage","solidIcon iconSecurity_threats","0",,"zonghefenxi",,"1",,"19",,,,"1","zonghefenxi0","RouteView"
"1862486631453622283","漏洞检测设备管理","1460441510772027394","/safeLeak/VulnManage","solidIcon iconSecurity_threats","0",,"zonghefenxi",,"1",,"20",,,,"1","zonghefenxi11","RouteView"
"1862486631453622284","扫描日志管理","1460441510772027394","/safeLeak/VulnManage","solidIcon iconSecurity_threats","0",,"zonghefenxi",,"1",,"21",,,,"1","zonghefenxi12","RouteView"
"1862486631453622285","漏洞剧本管理","1460441510772027394","/safeLeak/VulnManage","solidIcon iconSecurity_threats","0",,"zonghefenxi",,"1",,"22",,,,"1","zonghefenxi13","RouteView"
"1862486631453622286","引擎调度管理","1460441510772027394","/safeLeak/VulnManage","solidIcon iconSecurity_threats","0",,"zonghefenxi",,"1",,"23",,,,"1","zonghefenxi14","RouteView"
"1862486631453622287","任务管理","1460441510772027394","/safeLeak/VulnManage","solidIcon iconSecurity_threats","0",,"zonghefenxi",,"1",,"10",,,,"1","zonghefenxi","RouteView"
"1862486631453622288","产品漏洞管理","1460441510772027394","/safeLeak/VulnManage","solidIcon iconSecurity_threats","0",,"zonghefenxi",,"1",,"10",,,,"1","zonghefenxi2287","RouteView"
"1862486631453622289","漏洞关联分析管理","1460441510772027394","/safeLeak/VulnManage","solidIcon iconSecurity_threats","0",,"zonghefenxi",,"1",,"10",,,,"1","zonghefenxi2288","RouteView"
"1862486631453622290","专项任务管理","1460441510772027394","/safeLeak/VulnManage","solidIcon iconSecurity_threats","1",,"zonghefenxi",,"1",,"10",,,,"1","zonghefenxi2289","RouteView"
"1862486631453622291","修复优先级管理","1460441510772027394","/safeLeak/VulnManage","solidIcon iconSecurity_threats","0",,"zonghefenxi",,"1",,"10",,,,"1","zonghefenxi2290","RouteView"
"1862486631453622292","漏洞修复稽核","1460441510772027394","/safeLeak/VulnManage","solidIcon iconSecurity_threats","0",,"zonghefenxi",,"1",,"10",,,,"1","zonghefenxi2291","RouteView"
"1862486631453622293","漏洞上报前置核验","1460441510772027394","/safeLeak/VulnManage","solidIcon iconSecurity_threats","0",,"zonghefenxi",,"1",,"10",,,,"1","zonghefenxi92","RouteView"
"1862486631453622294","资产上报前置核验","1460441510772027394","/safeLeak/VulnManage","solidIcon iconSecurity_threats","0",,"zonghefenxi",,"1",,"10",,,,"1","zonghefenxi93","RouteView"
"1862486631453629001","漏洞分类定级","1862486631453622280","/safeLeak/VulnManage/1862486631453629001","solidIcon iconSecurity_threats","1",,"1862486631453629001",,"1",,"10",,,,"1","1862486631453629001","RouteView"
"1862486631453629002","漏洞CPE管理","1862486631453622280","/safeLeak/VulnManage/1862486631453629002","solidIcon iconSecurity_threats","1",,"1862486631453629002",,"1",,"10",,,,"1","1862486631453629002","RouteView"
"1862486631453629003","产品漏洞标准化","1862486631453622280","/safeLeak/VulnManage/1862486631453629003","solidIcon iconSecurity_threats","1",,"1862486631453629003",,"1",,"10",,,,"1","1862486631453629003","RouteView"
"1862486631453629004","产品漏洞关联关系","1862486631453622280","/safeLeak/VulnManage/1862486631453629004","solidIcon iconSecurity_threats","1",,"1862486631453629004",,"1",,"10",,,,"1","1862486631453629004","RouteView"
"1862486631453629005","组件厂商标准化","1862486631453622280","/safeLeak/VulnManage/1862486631453629005","solidIcon iconSecurity_threats","1",,"1862486631453629005",,"1",,"10",,,,"1","1862486631453629005","RouteView"
"1862486631453629006","组件名称标准化","1862486631453622280","/safeLeak/VulnManage/1862486631453629006","solidIcon iconSecurity_threats","1",,"1862486631453629006",,"1",,"10",,,,"1","1862486631453629006","RouteView"
"1862486631453629007","发布组织管理","1862486631453622280","/safeLeak/VulnManage/1862486631453629007","solidIcon iconSecurity_threats","1",,"1862486631453629007",,"1",,"10",,,,"1","1862486631453629007","RouteView"
"1862486631453629010","POC任务调度管理","1862486631453622281","/safeLeak/VulnManage/1862486631453629010","solidIcon iconSecurity_threats","1",,"1862486631453629010",,"1",,"10",,,,"1","1862486631453629010","RouteView"
"1862486631453629011","POC任务分发","1862486631453622281","/safeLeak/VulnManage/1862486631453629011","solidIcon iconSecurity_threats","1",,"1862486631453629011",,"1",,"10",,,,"1","1862486631453629011","RouteView"
"1862486631453629012","POC任务结果回收","1862486631453622281","/safeLeak/VulnManage/1862486631453629012","solidIcon iconSecurity_threats","1",,"1862486631453629012",,"1",,"10",,,,"1","1862486631453629012","RouteView"
"1862486631453629013","POC任务结果归并","1862486631453622281","/safeLeak/VulnManage/1862486631453629013","solidIcon iconSecurity_threats","1",,"1862486631453629013",,"1",,"10",,,,"1","1862486631453629013","RouteView"
"1862486631453629014","POC任务调度优先级管理","1862486631453622281","/safeLeak/VulnManage/1862486631453629014","solidIcon iconSecurity_threats","1",,"1862486631453629014",,"1",,"10",,,,"1","1862486631453629014","RouteView"
"1862486631453629015","POC任务配置管理","1862486631453622281","/safeLeak/VulnManage/1862486631453629015","solidIcon iconSecurity_threats","1",,"1862486631453629015",,"1",,"10",,,,"1","1862486631453629015","RouteView"
"1862486631453629016","POC靶场调度管理","1862486631453622281","/safeLeak/VulnManage/1862486631453629016","solidIcon iconSecurity_threats","1",,"1862486631453629016",,"1",,"10",,,,"1","1862486631453629016","RouteView"
"1862486631453629017","POC引擎调度管理","1862486631453622281","/safeLeak/VulnManage/1862486631453629017","solidIcon iconSecurity_threats","1",,"1862486631453629017",,"1",,"10",,,,"1","1862486631453629017","RouteView"
"1862486631453629018","POC调度策略管理","1862486631453622281","/safeLeak/VulnManage/1862486631453629018","solidIcon iconSecurity_threats","1",,"1862486631453629018",,"1",,"10",,,,"1","1862486631453629018","RouteView"
"1862486631453629019","POC调度日志管理","1862486631453622281","/safeLeak/VulnManage/1862486631453629019","solidIcon iconSecurity_threats","1",,"1862486631453629019",,"1",,"10",,,,"1","1862486631453629019","RouteView"
"1862486631453629020","POC任务调度参数管理","1862486631453622281","/safeLeak/VulnManage/1862486631453629020","solidIcon iconSecurity_threats","1",,"1862486631453629020",,"1",,"10",,,,"1","1862486631453629020","RouteView"
"1862486631453629021","安全设备扫描目标管理","1862486631453622282","/safeLeak/VulnManage/1862486631453629021","solidIcon iconSecurity_threats","1",,"1862486631453629021",,"1",,"10",,,,"1","1862486631453629021","RouteView"
"1862486631453629022","安全设备插件库管理","1862486631453622282","/safeLeak/VulnManage/1862486631453629022","solidIcon iconSecurity_threats","1",,"1862486631453629022",,"1",,"10",,,,"1","1862486631453629022","RouteView"
"1862486631453629023","安全设备漏洞库管理","1862486631453622282","/safeLeak/VulnManage/1862486631453629023","solidIcon iconSecurity_threats","1",,"1862486631453629023",,"1",,"10",,,,"1","1862486631453629023","RouteView"
"1862486631453629024","安全设备可检测漏洞管理","1862486631453622282","/safeLeak/VulnManage/1862486631453629024","solidIcon iconSecurity_threats","1",,"1862486631453629024",,"1",,"10",,,,"1","1862486631453629024","RouteView"
"1862486631453629025","安全设备原理漏洞管理","1862486631453622282","/safeLeak/VulnManage/1862486631453629025","solidIcon iconSecurity_threats","1",,"1862486631453629025",,"1",,"10",,,,"1","1862486631453629025","RouteView"
"1862486631453629026","安全设备可利用漏洞管理","1862486631453622282","/safeLeak/VulnManage/1862486631453629026","solidIcon iconSecurity_threats","1",,"1862486631453629026",,"1",,"10",,,,"1","1862486631453629026","RouteView"
"1862486631453644290","插件管理","1460441510772027394","/safeLeak/VulnPlug","solidIcon iconSecurity_threats","0",,"zonghefenxi",,"1",,"10",,,,"1","1862486631453644290","RouteView"
"1862486633453644290","POC引擎管理","1460441510772027394","/safeLeak/VulnPOCEngine","solidIcon iconSecurity_threats","0",,"zonghefenxi",,"1",,"10",,,,"1","1862486633453644290","RouteView"
"1862487101085959938","度量场景管理","1862486631453622276","/safeLeak/VulnManage/1862487101085959938","solidIcon iconSecurity_threats","1",,"1862487101085959938",,"0",,"1",,,,"1","1862487101085959938","RouteView"
"1862487101185959938","度量场景实例管理","1862486631453622276","/safeLeak/VulnManage/1862487101185959938","solidIcon iconSecurity_threats","1",,"1862487101185959938",,"0",,"1",,,,"1","1862487101185959938","RouteView"
"1862487101285959938","度量评价分数管理","1862486631453622276","/safeLeak/VulnManage/1862487101285959938","solidIcon iconSecurity_threats","1",,"1862487101285959938",,"0",,"1",,,,"1","1862487101285959938","RouteView"
"1862487101385959938","度量评价指标管理","1862486631453622276","/safeLeak/VulnManage/1862487101385959938","solidIcon iconSecurity_threats","1",,"1862487101385959938",,"0",,"1",,,,"1","1862487101385959938","RouteView"
"1862487101485959938","度量评价权重管理","1862486631453622276","/safeLeak/VulnManage/1862487101485959938","solidIcon iconSecurity_threats","1",,"1862487101485959938",,"0",,"1",,,,"1","1862487101485959938","RouteView"
"1862487101585959938","度量评价分析引擎管理","1862486631453622276","/safeLeak/VulnManage/1862487101585959938","solidIcon iconSecurity_threats","1",,"1862487101585959938",,"0",,"1",,,,"1","1862487101585959938","RouteView"
"1862487101685959938","度量评价预警管理","1862486631453622276","/safeLeak/VulnManage/1862487101685959938","solidIcon iconSecurity_threats","1",,"1862487101685959938",,"0",,"1",,,,"1","1862487101685959938","RouteView"
"1862487101785959938","任务扫描策略管理","1862486631453622277","/safeLeak/VulnManage/1862487101785959938","solidIcon iconSecurity_threats","1",,"1862487101785959938",,"0",,"1",,,,"1","1862487101785959938","RouteView"
"1862487101885959938","任务结果管理","1862486631453622277","/safeLeak/VulnManage/1862487101885959938","solidIcon iconSecurity_threats","1",,"1862487101885959938",,"0",,"1",,,,"1","1862487101885959938","RouteView"
"1862487101985959938","外部接口编排管理","1862486631453622277","/safeLeak/VulnManage/1862487101985959938","solidIcon iconSecurity_threats","1",,"1862487101985959938",,"0",,"1",,,,"1","1862487101985959938","RouteView"
"1862487102085959938","策略联动管理","1862486631453622277","/safeLeak/VulnManage/1862487102085959938","solidIcon iconSecurity_threats","1",,"1862487102085959938",,"0",,"1",,,,"1","1862487102085959938","RouteView"
"1862487102185959938","POC引擎驱动管理","1862486631453622277","/safeLeak/VulnManage/1862487102185959938","solidIcon iconSecurity_threats","1",,"1862487102185959938",,"0",,"1",,,,"1","1862487102185959938","RouteView"
"1862487102285959938","产品漏洞解析管理","1862486631453622278","/safeLeak/VulnManage/1862487102285959938","solidIcon iconSecurity_threats","1",,"1862487102285959938",,"0",,"1",,,,"1","1862487102285959938","RouteView"
"1862487102385959938","数据源同源纠偏管理","1862486631453622278","/safeLeak/VulnManage/1862487102385959938","solidIcon iconSecurity_threats","1",,"1862487102385959938",,"0",,"1",,,,"1","1862487102385959938","RouteView"
"1862487102485959938","漏洞数据碰撞管理","1862486631453622278","/safeLeak/VulnManage/1862487102485959938","solidIcon iconSecurity_threats","1",,"1862487102485959938",,"0",,"1",,,,"1","1862487102485959938","RouteView"
"1862487102585959938","漏洞误报验证接口","1862486631453622279","/safeLeak/VulnInterfaceManage/1862487102585959938","solidIcon iconSecurity_threats","1",,"1862487102585959938",,"0",,"1",,,,"1","1862487102585959938","RouteView"
"1862487102685959938","EXP原理验证管理","1862486631453622279","/safeLeak/VulnManage/1862487102685959938","solidIcon iconSecurity_threats","1",,"1862487102685959938",,"0",,"1",,,,"1","1862487102685959938","RouteView"
"1862487102785959938","人工验证过程管理","1862486631453622279","/safeLeak/VulnManage/1862487102785959938","solidIcon iconSecurity_threats","1",,"1862487102785959938",,"0",,"1",,,,"1","1862487102785959938","RouteView"
"1862487102885959938","POC引擎验证管理","1862486631453622279","/safeLeak/VulnManage/1862487102885959938","solidIcon iconSecurity_threats","1",,"1862487102885959938",,"0",,"1",,,,"1","1862487102885959938","RouteView"
"1862487102985959938","漏洞误报材料管理","1862486631453622279","/safeLeak/VulnManage/1862487102985959938","solidIcon iconSecurity_threats","1",,"1862487102985959938",,"0",,"1",,,,"1","1862487102985959938","RouteView"
"1862487103085959938","漏洞误报审批管理","1862486631453622279","/safeLeak/VulnManage/1862487103085959938","solidIcon iconSecurity_threats","1",,"1862487103085959938",,"0",,"1",,,,"1","1862487103085959938","RouteView"
"1862487103185959938","漏洞误报流程管理","1862486631453622279","/safeLeak/VulnManage/1862487103185959938","solidIcon iconSecurity_threats","1",,"1862487103185959938",,"0",,"1",,,,"1","1862487103185959938","RouteView"
"1862487103285959938","修复优先级评级管理","1862486631453622279","/safeLeak/VulnManage/1862487103285959938","solidIcon iconSecurity_threats","1",,"1862487103285959938",,"0",,"1",,,,"1","1862487103285959938","RouteView"
"1862487109985900001","漏洞检测设备厂商管理","1862486631453622283","/safeLeak/VulnManage/1862487109985900001","solidIcon iconSecurity_threats","1",,"1862487109985900001",,"0",,"1",,,,"1","A1","RouteView"
"1862487109985900002","漏洞检测设备型号管理","1862486631453622283","/safeLeak/VulnManage/1862487109985900002","solidIcon iconSecurity_threats","1",,"1862487109985900002",,"0",,"1",,,,"1","A2","RouteView"
"1862487109985900003","漏洞检测设备版本管理","1862486631453622283","/safeLeak/VulnManage/1862487109985900003","solidIcon iconSecurity_threats","1",,"1862487109985900003",,"0",,"1",,,,"1","A3","RouteView"
"1862487109985900004","漏洞检测设备状态管理","1862486631453622283","/safeLeak/VulnManage/1862487109985900004","solidIcon iconSecurity_threats","1",,"1862487109985900004",,"0",,"1",,,,"1","A4","RouteView"
"1862487109985900005","漏洞检测设备插件管理","1862486631453622283","/safeLeak/VulnManage/1862487109985900005","solidIcon iconSecurity_threats","1",,"1862487109985900005",,"0",,"1",,,,"1","A5","RouteView"
"1862487109985900006","POC引擎设备来源管理","1862486631453622283","/safeLeak/VulnManage/1862487109985900006","solidIcon iconSecurity_threats","1",,"1862487109985900006",,"0",,"1",,,,"1","A6","RouteView"
"1862487109985900007","POC引擎设备型号管理","1862486631453622283","/safeLeak/VulnManage/1862487109985900007","solidIcon iconSecurity_threats","1",,"1862487109985900007",,"0",,"1",,,,"1","A7","RouteView"
"1862487109985900008","POC引擎设备版本管理","1862486631453622283","/safeLeak/VulnManage/1862487109985900008","solidIcon iconSecurity_threats","1",,"1862487109985900008",,"0",,"1",,,,"1","A8","RouteView"
"1862487109985900009","POC引擎设备状态管理","1862486631453622283","/safeLeak/VulnManage/1862487109985900009","solidIcon iconSecurity_threats","1",,"1862487109985900009",,"0",,"1",,,,"1","A9","RouteView"
"1862487109985900010","扫描计划配置日志","1862486631453622284","/safeLeak/VulnManage/1862487109985900010","solidIcon iconSecurity_threats","1",,"1862487109985900010",,"0",,"1",,,,"1","B1","RouteView"
"1862487109985900011","子任务下发配置日志","1862486631453622284","/safeLeak/VulnManage/1862487109985900011","solidIcon iconSecurity_threats","1",,"1862487109985900011",,"0",,"1",,,,"1","B2","RouteView"
"1862487109985900012","扫描计划子任务拆分日志","1862486631453622284","/safeLeak/VulnManage/1862487109985900012","solidIcon iconSecurity_threats","1",,"1862487109985900012",,"0",,"1",,,,"1","B3","RouteView"
"1862487109985900013","剧本URL管理","1862486631453622285","/safeLeak/VulnManage/1862487109985900013","solidIcon iconSecurity_threats","1",,"1862487109985900013",,"0",,"1",,,,"1","B4","RouteView"
"1862487109985900014","模板管理","1862486631453622285","/safeLeak/VulnManage/1862487109985900014","solidIcon iconSecurity_threats","1",,"1862487109985900014",,"0",,"1",,,,"1","B5","RouteView"
"1862487109985900015","合并节点管理","1862486631453622285","/safeLeak/VulnManage/1862487109985900015","solidIcon iconSecurity_threats","1",,"1862487109985900015",,"0",,"1",,,,"1","B6","RouteView"
"1862487109985900016","插件执行统计","1862486631453622285","/safeLeak/vulnViewManage/1862487109985900016","solidIcon iconSecurity_threats","1",,"1862487109985900016",,"0",,"1",,,,"1","B7","RouteView"
"1862487109985900017","触发器控制单元","1862486631453622286","/safeLeak/VulnInterfaceManage/1862487109985900017","solidIcon iconSecurity_threats","1",,"1862487109985900017",,"0",,"1",,,,"1","B8","RouteView"
"1862487109985900018","剧本验证策略","1862486631453622286","/safeLeak/VulnManage/1862487109985900018","solidIcon iconSecurity_threats","1",,"1862487109985900018",,"0",,"1",,,,"1","B9","RouteView"
"1862487109985900019","资源池管理","1862486631453622286","/safeLeak/VulnManage/1862487109985900019","solidIcon iconSecurity_threats","1",,"1862487109985900019",,"0",,"1",,,,"1","B10","RouteView"
"1862487109985900020","有向无环图引擎管理","1862486631453622286","/safeLeak/VulnManage/1862487109985900020","solidIcon iconSecurity_threats","1",,"1862487109985900020",,"0",,"1",,,,"1","B11","RouteView"
"1862487109985900021","有向无环图模板管理","1862486631453622286","/safeLeak/VulnManage/1862487109985900021","solidIcon iconSecurity_threats","1",,"1862487109985900021",,"0",,"1",,,,"1","B12","RouteView"
"1862487109985900022","有向无环图调度策略","1862486631453622286","/safeLeak/VulnManage/1862487109985900022","solidIcon iconSecurity_threats","1",,"1862487109985900022",,"0",,"1",,,,"1","B13","RouteView"
"1862487109985900023","有向无环图验证策略","1862486631453622286","/safeLeak/VulnManage/1862487109985900023","solidIcon iconSecurity_threats","1",,"1862487109985900023",,"0",,"1",,,,"1","B14","RouteView"
"1862487109985900024","任务数量统计","1862486631453622287","/safeLeak/vulnViewManage/1862487109985900024","solidIcon iconSecurity_threats","1",,"1862487109985900024",,"0",,"1",,,"","1","B15","RouteView"
"1862487109985900025","任务执行统计","1862486631453622287","/safeLeak/vulnViewManage/1862487109985900025","solidIcon iconSecurity_threats","1",,"1862487109985900025",,"0",,"1",,,,"1","B16","RouteView"
"1862487109985900026","场景统计","1862486631453622287","/safeLeak/vulnViewManage/1862487109985900026","solidIcon iconSecurity_threats","1",,"1862487109985900026",,"0",,"1",,,,"1","B17","RouteView"
"1862487109985900027","全局变量统计","1862486631453622287","/safeLeak/vulnViewManage/1862487109985900027","solidIcon iconSecurity_threats","1",,"1862487109985900027",,"0",,"1",,,,"1","B18","RouteView"
"1862487109985900028","剧本变量统计","1862486631453622287","/safeLeak/vulnViewManage/1862487109985900028","solidIcon iconSecurity_threats","1",,"1862487109985900028",,"0",,"1",,,,"1","B19","RouteView"
"1862487109985900029","定时任务统计","1862486631453622287","/safeLeak/vulnViewManage/1862487109985900029","solidIcon iconSecurity_threats","1",,"1862487109985900029",,"0",,"1",,,,"1","B20","RouteView"
"1862487109985900030","插件统计","1862486631453644290","/safeLeak/vulnViewManage/1862487109985900030","solidIcon iconSecurity_threats","1",,"1862487109985900030",,"0",,"1",,,,"1","B21","RouteView"
"1862487109985900031","插件服务管理","1862486631453644290","/safeLeak/VulnManage/1862487109985900031","solidIcon iconSecurity_threats","1",,"1862487109985900031",,"0",,"1",,,,"1","B22","RouteView"
"1862487109985954001","漏洞验证驱动","1862486631453622274","/safeLeak/VulnManage/1862487109985954001","solidIcon iconSecurity_threats","1",,"1862487109985954001",,"0",,"1",,,,"1","DataViewManage1","RouteView"
"1862487109985954003","专项漏洞管理","1862486631453622274","/safeLeak/VulnManage/1862487109985954003","solidIcon iconSecurity_threats","1",,"1862487109985954003",,"1",,"1",,,,"1","1862487109985954003","RouteView"
"1862487109985954004","专项漏洞任务管理","1862486631453622274","/safeLeak/VulnTaskManage/1862487109985954004","solidIcon iconSecurity_threats","1",,"1862487109985954004",,"0",,"1",,,,"1","1862487109985954004","RouteView"
"1862487109985954005","专项漏洞回传","1862486631453622274","/safeLeak/VulnInterfaceManage/1862487109985954005","solidIcon iconSecurity_threats","1",,"1862487109985954005",,"0",,"1",,,,"1","1862487109985954005","RouteView"
"1862487109985954006","处置工具管理","1862486631453622274","/safeLeak/VulnManage/1862487109985954006","solidIcon iconSecurity_threats","1",,"1862487109985954006",,"0",,"1",,,,"1","1862487109985954006","RouteView"
"1862487109985954007","处置工具文件校验","1862486631453622274","/safeLeak/VulnManage/1862487109985954007","solidIcon iconSecurity_threats","1",,"1862487109985954007",,"0",,"1",,,,"1","1862487109985954007","RouteView"
"1862487109985954008","处置工具同步","1862486631453622274","/safeLeak/VulnInterfaceManage/1862487109985954008","solidIcon iconSecurity_threats","1",,"1862487109985954008",,"0",,"1",,,,"1","1862487109985954008","RouteView"
"1862487109985954009","处置工具状态校验","1862486631453622274","/safeLeak/VulnManage/1862487109985954009","solidIcon iconSecurity_threats","1",,"1862487109985954009",,"0",,"1",,,,"1","1862487109985954009","RouteView"
"1862487109985954010","排查核验工单管理","1862486631453622274","/safeLeak/VulnManage/1862487109985954010","solidIcon iconSecurity_threats","1",,"1862487109985954010",,"0",,"1",,,,"1","1862487109985954010","RouteView"
"1862487109985954011","处置工单管理","1862486631453622274","/safeLeak/VulnManage/1862487109985954011","solidIcon iconSecurity_threats","1",,"1862487109985954011",,"0",,"1",,,,"1","1862487109985954011","RouteView"
"1862487109985954012","处置核验工单管理","1862486631453622274","/safeLeak/VulnManage/1862487109985954012","solidIcon iconSecurity_threats","1",,"1862487109985954012",,"0",,"1",,,,"1","1862487109985954012","RouteView"
"1862487109985954013","漏洞周期工单管理","1862486631453622274","/safeLeak/VulnManage/1862487109985954013","solidIcon iconSecurity_threats","1",,"1862487109985954013",,"0",,"1",,,,"1","1862487109985954013","RouteView"
"1862487109985954014","排查核验工单统计","1862486631453622274","/safeLeak/VulnViewManage/1862487109985954014","solidIcon iconSecurity_threats","1",,"1862487109985954014",,"0",,"2",,,,"1","1862487109985954014","RouteView"
"1862487109985954015","漏洞周期工单统计","1862486631453622274","/safeLeak/VulnViewManage/1862487109985954015","solidIcon iconSecurity_threats","1",,"1862487109985954015",,"0",,"2",,,,"1","1862487109985954015","RouteView"
"1862487109985955001","POC运行环境管理","1862486631453622275","/safeLeak/VulnManage/1862487109985955001","solidIcon iconSecurity_threats","1",,"1862487109985955001",,"0",,"1",,,,"1","1862487109985955001","RouteView"
"1862487109985955002","POC执行结果管理","1862486631453622275","/safeLeak/VulnManage/1862487109985955002","solidIcon iconSecurity_threats","1",,"1862487109985955002",,"0",,"1",,,,"1","1862487109985955002","RouteView"
"1862487109985955003","POC动作节点管理","1862486631453622275","/safeLeak/VulnManage/1862487109985955003","solidIcon iconSecurity_threats","1",,"1862487109985955003",,"0",,"1",,,,"1","1862487109985955003","RouteView"
"1862487109985955004","POC变量节点管理","1862486631453622275","/safeLeak/VulnManage/1862487109985955004","solidIcon iconSecurity_threats","1",,"1862487109985955004",,"0",,"1",,,,"1","1862487109985955004","RouteView"
"1862487109985955005","POC循环节点管理","1862486631453622275","/safeLeak/VulnManage/1862487109985955005","solidIcon iconSecurity_threats","1",,"1862487109985955005",,"0",,"1",,,,"1","1862487109985955005","RouteView"
"1862487109985955006","POC适配器管理","1862486631453622275","/safeLeak/VulnManage/1862487109985955006","solidIcon iconSecurity_threats","1",,"1862487109985955006",,"0",,"1",,,,"1","1862487109985955006","RouteView"
"1862487109985955007","POC执行监控管理","1862486631453622275","/safeLeak/VulnManage/1862487109985955007","solidIcon iconSecurity_threats","1",,"1862487109985955007",,"0",,"1",,,,"1","1862487109985955007","RouteView"
"1862487109985955008","POC接口管理","1862486631453622275","/safeLeak/VulnInterfaceManage/1862487109985955008","solidIcon iconSecurity_threats","1",,"1862487109985955008",,"0",,"1",,,,"1","1862487109985955008","RouteView"
"1862487109985955009","POC执行任务统计","1862486631453622275","/safeLeak/VulnViewManage/1862487109985955009","solidIcon iconSecurity_threats","1",,"1862487109985955009",,"0",,"2",,,,"1","1862487109985955009","RouteView"
"1862487109985955010","POC脚本类型统计","1862486631453622275","/safeLeak/VulnViewManage/1862487109985955010","solidIcon iconSecurity_threats","1",,"1862487109985955010",,"0",,"2",,,,"1","1862487109985955010","RouteView"
"1862487109985955011","POC引擎管理","1862486633453644290","/safeLeak/VulnManage/1862487109985955011","solidIcon iconSecurity_threats","1",,"1862487109985955011",,"0",,"1",,,,"1","1862487109985955011","RouteView"
"1862487109985955012","POC插件管理","1862486633453644290","/safeLeak/VulnManage/1862487109985955012","solidIcon iconSecurity_threats","1",,"1862487109985955012",,"0",,"1",,,,"1","1862487109985955012","RouteView"
"1862487109985955013","POC文件管理","1862486633453644290","/safeLeak/VulnManage/1862487109985955013","solidIcon iconSecurity_threats","1",,"1862487109985955013",,"0",,"1",,,,"1","1862487109985955013","RouteView"
"1862487109985955014","POC执行工单统计","1862486633453644290","/safeLeak/VulnViewManage/1862487109985955014","solidIcon iconSecurity_threats","1",,"1862487109985955014",,"0",,"2",,,,"1","1862487109985955014","RouteView"
"1862487109985955015","POC引擎分类统计","1862486633453644290","/safeLeak/VulnViewManage/1862487109985955015","solidIcon iconSecurity_threats","1",,"1862487109985955015",,"0",,"2",,,,"1","1862487109985955015","RouteView"
"1862487109985955016","POC引擎类型统计","1862486633453644290","/safeLeak/VulnViewManage/1862487109985955016","solidIcon iconSecurity_threats","1",,"1862487109985955016",,"0",,"2",,,,"1","1862487109985955016","RouteView"
"1862487109985959938","数据视图管理","1862486631453622273","/safeLeak/VulnManage/1862487109985959938","solidIcon iconSecurity_threats","1",,"1862487109985959938",,"0",,"3",,,,"1","DataViewManage2","RouteView"
"1862487538014207233","度量评价周期统计","1862486631453622276","/safeLeak/VulnViewManage/1862487538014207233","solidIcon iconSecurity_threats","1",,"1862487538014207233",,"0",,"2",,,,"1","1862487538014207233","RouteView"
"1862487538024207233","度量评价指标统计","1862486631453622276","/safeLeak/VulnViewManage/1862487538024207233","solidIcon iconSecurity_threats","1",,"1862487538024207233",,"0",,"2",,,,"1","1862487538024207233","RouteView"
"1862487538034207233","度量评价部门统计","1862486631453622276","/safeLeak/VulnViewManage/1862487538034207233","solidIcon iconSecurity_threats","1",,"1862487538034207233",,"0",,"2",,,,"1","1862487538034207233","RouteView"
"1862487538044207233","度量评价业务系统统计","1862486631453622276","/safeLeak/VulnViewManage/1862487538044207233","solidIcon iconSecurity_threats","1",,"1862487538044207233",,"0",,"2",,,,"1","1862487538044207233","RouteView"
"1862487538054207233","自动化任务类型统计","1862486631453622277","/safeLeak/VulnViewManage/1862487538054207233","solidIcon iconSecurity_threats","1",,"1862487538054207233",,"0",,"2",,,,"1","1862487538054207233","RouteView"
"1862487538064207233","关联分析结果统计","1862486631453622278","/safeLeak/VulnViewManage/1862487538064207233","solidIcon iconSecurity_threats","1",,"1862487538064207233",,"0",,"2",,,,"1","1862487538064207233","RouteView"
"1862487538074207233","关联分析资产统计","1862486631453622278","/safeLeak/VulnViewManage/1862487538074207233","solidIcon iconSecurity_threats","1",,"1862487538074207233",,"0",,"2",,,,"1","1862487538074207233","RouteView"
"1862487538084207233","预警任务类型统计","1862486631453622278","/safeLeak/VulnViewManage/1862487538084207233","solidIcon iconSecurity_threats","1",,"1862487538084207233",,"0",,"2",,,,"1","1862487538084207233","RouteView"
"1862487538094207233","EXP原理验证统计","1862486631453622279","/safeLeak/VulnViewManage/1862487538094207233","solidIcon iconSecurity_threats","1",,"1862487538094207233",,"0",,"2",,,,"1","1862487538094207233","RouteView"
"1862487538104207233","漏洞误报结果统计","1862486631453622279","/safeLeak/VulnViewManage/1862487538104207233","solidIcon iconSecurity_threats","1",,"1862487538104207233",,"0",,"2",,,,"1","1862487538104207233","RouteView"
"1862487538114207233","漏洞修复基线统计","1862486631453622279","/safeLeak/VulnViewManage/1862487538114207233","solidIcon iconSecurity_threats","1",,"1862487538114207233",,"0",,"2",,,,"1","1862487538114207233","RouteView"
"1862487538954204002","专项漏洞任务统计","1862486631453622274","/safeLeak/VulnViewManage/1862487538954204002","solidIcon iconSecurity_threats","1",,"1862487538954204002",,"0",,"2",,,,"1","VulnViewManage3","RouteView"
"1862487538954207233","图表视图管理","1862486631453622273","/safeLeak/VulnViewManage/1862487538954207233","solidIcon iconSecurity_threats","1",,"1862487538954207233",,"0",,"4",,,,"1","VulnViewManage4","RouteView"
"1863487109985959938","有向无环图动作调度管理","1862486631453622286","/safeLeak/VulnTaskManage/1863487109985959938","solidIcon iconSecurity_threats","1",,"DataViewManage",,"0",,"1",,,,"1","1863487109985959938","RouteView"
"1864487109985959938","有向无环图嵌套调度管理","1862486631453622286","/safeLeak/VulnTaskManage/1864487109985959938","solidIcon iconSecurity_threats","1",,"DataViewManage",,"0",,"1",,,,"1","1864487109985959938","RouteView"
"1864487109985959940","有向无环图解析策略","1862486631453622286","/safeLeak/VulnManage/1864487109985959940","solidIcon iconSecurity_threats","1",,"DataViewManage",,"0",,"1",,,,"1","1864487109985959940","RouteView"
"1865487109985959938","有向无环图循环调度管理","1862486631453622286","/safeLeak/VulnTaskManage/1865487109985959938","solidIcon iconSecurity_threats","1",,"DataViewManage",,"0",,"1",,,,"1","1865487109985959938","RouteView"
"1865487109985959941","有向无环图异常策略","1862486631453622286","/safeLeak/VulnManage/1865487109985959941","solidIcon iconSecurity_threats","1",,"DataViewManage",,"0",,"1",,,,"1","1865487109985959941","RouteView"
"1866487109985959938","有向无环图并发调度管理","1862486631453622286","/safeLeak/VulnTaskManage/1866487109985959938","solidIcon iconSecurity_threats","1",,"DataViewManage",,"0",,"1",,,,"1","1866487109985959938","RouteView"
"1866487109985959942","有向无环图数据数据解析策略","1862486631453622286","/safeLeak/VulnManage/1866487109985959942","solidIcon iconSecurity_threats","1",,"DataViewManage",,"0",,"1",,,,"1","1866487109985959942","RouteView"
"1867487109985959938","有向无环图输出调度管理","1862486631453622286","/safeLeak/VulnTaskManage/1867487109985959938","solidIcon iconSecurity_threats","1",,"DataViewManage",,"0",,"1",,,,"1","1867487109985959938","RouteView"
"1867487109985959943","有向无环图触发器接收管理","1862486631453622286","/safeLeak/VulnManage/1867487109985959943","solidIcon iconSecurity_threats","1",,"DataViewManage",,"0",,"1",,,,"1","1867487109985959943","RouteView"
"1868487109985959938","有向无环图提取变量调度管理","1862486631453622286","/safeLeak/VulnTaskManage/1868487109985959938","solidIcon iconSecurity_threats","1",,"DataViewManage",,"0",,"1",,,,"1","1868487109985959938","RouteView"
"1868487109985959944","有向无环图适配器管理","1862486631453622286","/safeLeak/VulnManage/1868487109985959944","solidIcon iconSecurity_threats","1",,"DataViewManage",,"0",,"1",,,,"1","1868487109985959944","RouteView"
"1869487109985959938","有向无环图调查调度管理","1862486631453622286","/safeLeak/VulnTaskManage/1869487109985959938","solidIcon iconSecurity_threats","1",,"DataViewManage",,"0",,"1",,,,"1","1869487109985959938","RouteView"
"1871383595840471042","专业系统管理","1460501532667359234","/safeLeak/GradRecordManage","solidIcon iconbianliangguanlizu","1",,"GradRecordManage",,"0",,"12",,,,"1","GradRecordManage","RouteView"
"1882023031023450011","通用枚举库管理","1460441510772027394","/other/ManageMenu/1882023031023450011","solidIcon iconassess","1",,,,"1",,,,,,"1","1882023031023450011","RouteView"
"19","角色管理","1296692262594473985","/system/auth/role",,"0",,"20009",,"0",,"3",,,,"1","roleManage","RouteView"
"1920846421854367745","补丁信息管理","1539508753722441729","/safeLeak/PatchLibraryManage/PatchLibraryInfoManage","solidIcon iconassess","1",,"PatchLibraryInfoManage",,"1",,"1",,,,"1","PatchLibraryInfoManage","RouteView"
"1945790881641791489","漏洞管理平台","0","","solidIcon iconcomputer","1",,"VulnManagePlat",,"1",,"5",,,"/safeLeak/VulnManagePlat/OrderManage/SysVulnOrder","1","VulnManagePlat","RouteView"
"1945791339164860417","资产管理","1945790881641791489","/safeLeak/VulnManagePlat/AssetManage","solidIcon iconassist","1",,"AssetManage",,"0",,"9",,,,"1","AssetManage","RouteView"
"1948026775182508034","业务统计","1945790881641791489","/safeLeak/VulnManagePlat/BusinessStatisticsManage","solidIcon icontongji","1",,"BusinessStatisticsManage",,"0",,"3",,,,"1","BusinessStatisticsManage","RouteView"
"1948027047946485762","设备管理","1945790881641791489","/safeLeak/VulnManagePlat/EquipmentManage","solidIcon iconport1","1",,"EquipmentManage",,"0",,"4",,,,"1","EquipmentManage","RouteView"
"1950595214468186114","安全设备管理","1945790881641791489","/safeLeak/VulnManagePlat/SafeDeviceManage","solidIcon iconzhurengongzuotai-sel","1",,"SafeDeviceManage",,"0",,"4",,,,"1","SafeDeviceManage","RouteView"
"1952767890699845633","数据同步策略","1945790881641791489","/safeLeak/VulnManagePlat/DataSyncStrategy","solidIcon iconnetworksecurity","1",,"DataSyncStrategy",,"0",,"6",,,,"1","DataSyncStrategy","RouteView"
"1953396037120163842","日志台账管理","1945790881641791489","/safeLeak/VulnManagePlat/LogLedgerManage","solidIcon icontimeLine","1",,"LogLedgerManage",,"0",,"7",,,,"1","LogLedgerManage","RouteView"
"1953396314397212673","文件传输记录","1945790881641791489","/safeLeak/VulnManagePlat/FileSendLog","solidIcon iconBusiness_system","1",,"FileSendLog",,"0",,"5",,,,"1","FileSendLog","RouteView"
"1954378111941447682","自动化调度","1296692262594473985","/sso/Playbook","solidIcon iconSecurity_threats","0",,"sso",,"0",,"8",,,,"1","sso","RouteView"
"1955310435610918914","任务管理","1945790881641791489","/safeLeak/VulnManagePlat/TaskManage","solidIcon icontiaochawenjuan","1",,"TaskManage",,"1",,"2",,,,"1","TaskManage","RouteView"
"1955310791455670273","产品漏洞预警任务","1955310435610918914","/safeLeak/VulnManagePlat/TaskManage/ProVulnWarnTask","solidIcon iconfengxianyujing","1",,"ProVulnWarnTask",,"0",,"1",,,,"1","ProVulnWarnTaskPlat","RouteView"
"1955311861368094721","产品漏洞上传任务","1955310435610918914","/safeLeak/VulnManagePlat/TaskManage/ProVulnUploadTask","solidIcon iconrelease","1",,"ProVulnUploadTask",,"0",,"4",,,,"1","ProVulnUploadTask","RouteView"
"1955312073486630913","产品漏洞同步任务","1955310435610918914","/safeLeak/VulnManagePlat/TaskManage/ProVulnSyncTask","solidIcon iconFill","1",,"ProVulnSyncTask",,"0",,"3",,,,"1","ProVulnSyncTaskPlat","RouteView"
"1955312393696575489","口令字典同步任务","1955310435610918914","/safeLeak/VulnManagePlat/TaskManage/PassDicSyncTask","solidIcon iconcode","1",,"PassDicSyncTask",,"0",,"5",,,,"1","PassDicSyncTask","RouteView"
"1955312589964836866","口令字典上传任务","1955310435610918914","/safeLeak/VulnManagePlat/TaskManage/PassDicUploadTask","solidIcon iconapplicationsecurity","1",,"PassDicUploadTask",,"0",,"6",,,,"1","PassDicUploadTask","RouteView"
"1955642447546810369","VPT模型管理","1945790881641791489","/safeLeak/VulnManagePlat/VPTModelManage","solidIcon icontask","1",,"VPTModelManage",,"0",,"8",,,,"1","VPTModelManage","RouteView"
"1956355507097960449","工单管理","1945790881641791489","/safeLeak/VulnManagePlat/OrderManage","solidIcon icontiaochawenjuan","1",,"OrderManage",,"1",,"1",,,,"1","OrderManage","RouteView"
"1956355749834915842","系统漏洞工单","1956355507097960449","/safeLeak/VulnManagePlat/OrderManage/SysVulnOrder","solidIcon iconpersonnel","1",,"SysVulnOrder",,"0",,"1",,,,"1","SysVulnOrderPlat","RouteView"
"1956355890121801730","产品漏洞工单","1956355507097960449","/safeLeak/VulnManagePlat/OrderManage/ProduntVulnOrder","solidIcon iconzhuanye","1",,"ProduntVulnOrder",,"0",,"2",,,,"1","ProduntVulnOrderPlat","RouteView"
"1957399455178424322","跨级联动任务","1955310435610918914","/safeLeak/VulnManagePlat/TaskManage/GangedTask","solidIcon iconSecurity_threats","1",,"GangedTask",,"0",,"2",,,,"1","GangedTaskPlat","RouteView"
"1958591753312534530","测试数据交互","1945790881641791489","/safeLeak/VulnManagePlat/TestDataChange","solidIcon iconFill","1",,"TestDataChangePlat",,"0",,"5",,,,"1","TestDataChangePlat","RouteView"
"1960397151216599041","口令字典管理","1945790881641791489","/safeLeak/VulnManagePlat/PasswordDicManage","solidIcon iconapplicationsecurity","1",,"PasswordDicManagePlat",,"0",,"12",,,,"1","PasswordDicManagePlat","RouteView"
"1966057390298320898","弱口令管理","1460501532667359234","/safeLeak/WeakPasswordMag","solidIcon icontongji","1",,"WeakPasswordMag",,"0",,"17",,,,"1","WeakPasswordMag","RouteView"
"1967618869882519553","系统漏洞管理","1945790881641791489","/safeLeak/VulnManagePlat/SystemVulnMange","solidIcon iconshanchangzhuanye","1",,"SystemVulnMangePlat",,"0",,"13",,,,"1","SystemVulnMangePlat","RouteView"
"1985241054427103234","运营任务管理","1460501758455132161","/safeLeak/SysVulnRepair/ScanTaskCorrectManageNew","solidIcon iconSecurity_threats","1",,"ScanTaskCorrectManageNew",,"0",,"6",,,,"1","ScanTaskCorrectManageNew","RouteView"
"1985567370095185922","资产信息管理","0201","/infoAssets/assetsManage/infoAssetsManage","solidIcon iconascription","1",,"infoAssetsManage",,"0",,"2",,,,"1","infoAssetsManage","RouteView"
"2","信息化资产管理","0","/infoAssets","solidIcon iconAssets","1","","1002","","1","","9",,,"/infoAssets/assetsManage","1","infoAssetsMange","RouteView"
"2017049364294590465","场景事务与溯源","7452639225960204426","/other/ManageMenu/2017049711817842690",,"1",,"2017049364294590465",,"1",,"5",,,,"1","2017049364294590465","RouteView"
"2017049711817842690","漏洞业务场景管理","2017049364294590465","/other/ManageMenu/2017049711817842690","solidIcon iconSecurity_threats","1",,"2017049711817842690",,"0",,"1",,,,"1","LDYWCJGL","RouteView"
"2018608890360786946","任务监控与协同","7452639225960204426",,"solidIcon iconapplicationsecurity","1",,"CROSS_LEVEL_TASK_MONITOR",,"1",,"6",,,"/other/resultReportManage","1","crossMonitor","RouteView"
"2018609597721767937","分批结果上报管理","2018608890360786946","/other/resultReportManage","solidIcon iconmiddleware","1",,"BATCH_RESULT_REPORT_MANAGE","26年2月交付功能","0",,"5",,,"","1","resultReportManage","RouteView"
"2018935066803466241","场景事务看板","2017049364294590465","/other/sceneDashboardManage","solidIcon icontongji","1",,"2018935066803466241",,"0",,"2",,,,"1","sceneDashboardManage","RouteView"
"2018970111312293889","实时监控记录","2018608890360786946","/other/realtimeRecordManage","solidIcon iconMonitor","1",,"realtimeRecordManage",,"0",,"3",,,,"1","realtimeRecordManage","RouteView"
"2018970111312293895","异常情况捕捉","2018608890360786946","/other/ManageMenu/2018970111312293895",,"1",,"2018970111312293895",,"0",,"4",,,,"1","realtimeRecordManage2","RouteView"
"2018979330535092225","漏洞概念验证","7452639225960204426",,"solidIcon iconSecurity_threats","1",,"vul_verify_plugin_manage",,"1",,"2",,,"/other/vulnPluginManage","1","vulPluginManage","RouteView"
"2018980138580340737","插件本地管理","2018979330535092225","/other/vulnPluginManage","solidIcon iconservice","1",,"vul_plugin_local_manage",,"0",,"1",,,,"1","vulnPluginManage","RouteView"
"2018980387294179329","插件参数设置","2018979330535092225","/other/pluginParamsSet","solidIcon iconedit","1",,"vul_plugin_params_config",,"0",,"2",,,,"1","pluginParamsSet","RouteView"
"2018980588163592194","POC插件运行管理","2018979330535092225","/other/pluginPocTaskManage","solidIcon iconhost1","1",,"vul_plugin_poc_task_manage",,"0",,"3",,,,"1","pluginPocTaskManage","RouteView"
"2018982314899828738","漏洞概念验证插件分析统计","1460441510772027394",,"solidIcon iconapplicationsecurity","0",,"vul_plugin_analysis_stat",,"1",,"1",,,,"1","vulPluginAnalysisStat","RouteView"
"2018982658006478850","插件效能评估","2018982314899828738","/other/pluginPerformEval","solidIcon iconAssets_monitoring","1",,"vul_plugin_perform_eval",,"0",,"1",,,,"1","pluginPerformEval","RouteView"
"2018982922612535297","插件调用综合展示","2018982314899828738","/other/pluginViewCalls","solidIcon iconTongues","1",,"vul_plugin_view_calls",,"0",,"2",,,,"1","pluginViewCalls","RouteView"
"2018983244143685633","漏洞检出率对比分析","2018982314899828738","/other/PluginCompareAnalysis","solidIcon iconOperation_maintenance","1",,"vul_plugin_compare_analysis",,"0",,"3",,,,"1","PluginCompareAnalysis","RouteView"
"2018984466565197825","部企接口自动化及配置","2018983910807334913","/other/interfaceAutomation","solidIcon iconport","0",,"ministry_enterprise_interface",,"0",,"1",,,,"1","interfaceAutomation","RouteView"
"2019223515334864897","CPE文档管理","1539508753722441729","/other/cpeDocumentManage","solidIcon iconorder","1",,"cpeDocumentManage",,"0",,"15",,,,"1","cpeDocumentManage","RouteView"
"2019224338127286273","已知风险资产组件管理","0201","/other/knownRiskAssetManage","solidIcon iconvisualization_1","1",,"knownRiskAssetManage",,"0",,"9",,,,"1","knownRiskAssetManage","RouteView"
"2019224800641576962","通用漏洞挖掘记录","2017049364294590465","/other/vulnDiscoverRecord","solidIcon iconurl","1",,"vul_dig_record",,"0",,"6",,,,"1","vulnDiscoverRecord","RouteView"
"2019288832031485953","漏洞归属统计分析","2041690902818627586","/other/belongAnalysisManage","solidIcon iconcooperation","1",,"belongAnalysisManage",,"0",,"8",,,,"1","belongAnalysisManage","RouteView"
"2019288832031485955","漏洞归属规则设定","2041690902818627586","/other/ManageMenu/2019288832031485955","solidIcon iconSecurity_threats","1",,"2019288832031485955",,"0",,"6",,,,"1","2019288832031485955","RouteView"
"2019302318572728322","插件版本控制","2018979330535092225","/other/pluginVersionControl","solidIcon iconattribute","1",,"pluginVersionControl",,"0",,"4",,,,"1","pluginVersionControl","RouteView"
"2019598485789491202","任务自动化分配管理","2018608890360786946","/other/taskAutomationAssignManage","solidIcon icontopology","1",,"taskAutomationAssignManage",,"0",,"3",,,,"1","taskAutomationAssignManage","RouteView"
"2019606331004436481","扫描日志管理","2018608890360786946","/other/scanLogManage","solidIcon iconconfigure","1",,"scanLogManage",,"0",,"4",,,,"1","scanLogManage","RouteView"
"2028289477535203330","弱口令配置","7452639225960300816","/other/weakPwdConfig","solidIcon iconzhurengongzuotai-sel","1",,"weakPwdConfig",,"0",,"2",,,,"1","weakPwdConfig","RouteView"
"2030890656626769921","设备规划管理","7452639225960300816","/other/ManageMenu/2030890656626769921","solidIcon iconMonitor","1",,"2030890656626769921",,"0",,"4",,,,"1","2030890656626769921","RouteView"
"2030890656626769922","扫描指标管理","7452639225960300816","/other/ManageMenu/2030890656626769922","solidIcon iconMonitor","1",,"2030890656626769922",,"0",,"5",,,,"1","2030890656626769922","RouteView"
"2030890656626769923","防护可用性监控","7452639225960300816","/other/ManageMenu/2030890656626769923","solidIcon iconMonitor","1",,"2030890656626769923",,"0",,"6",,,,"1","2030890656626769923","RouteView"
"2030946380560072705","AI页面管理","1296692262594473985","/other/aiManage","solidIcon iconSecurity_threats","1",,"aiManage",,"0",,"10",,,,"1","aiManage","RouteView"
"2032346057956261889","任务执行流程自动化","2018608890360786946","/other/taskProcessAutoManage","solidIcon iconcloudDisk","1",,"taskProcessAutoManage",,"0",,"4",,,,"1","taskProcessAutoManage","RouteView"
"2032362610785386498","数据一致性审批","1862486631453622290","/other/dataConApprovalManage","solidIcon iconTo_examine","1",,"dataConApprovalManage",,"0",,"12",,,,"1","dataConApprovalManage","RouteView"
"2033447809648558082","漏洞修复状态同步管理","7452639225960265832","/other/vulnStatusSyncManage","solidIcon iconLoophole","1",,"vulnStatusSyncManage",,"0",,"11",,,,"1","vulnStatusSyncManage","RouteView"
"2033729033231269889","平台接口自动化及配置","2018983910807334913","/other/platformInterfaceAutomation","solidIcon iconhost","0",,"platformInterfaceAutomation",,"0",,"2",,,,"1","platformInterfaceAutomation","RouteView"
"2033805832418099201","插件验证与结果自动化处理","2018983910807334913","/other/pluginValidateResultAutomation","solidIcon icontask","0",,"pluginValidateResultAutomation",,"0",,"3",,,,"1","pluginValidateResultAutomation","RouteView"
"2034197449310339074","POC开发记录","2017049364294590465","/other/pocDevelopRecord","solidIcon iconSwitch","1",,"pocDevelopRecord",,"0",,"7",,,,"1","pocDevelopRecord","RouteView"
"2034197705884303362","渗透测试记录","2017049364294590465","/other/penetrationTestRecord","solidIcon iconvisualization_1","1",,"penetrationTestRecord",,"0",,"8",,,,"1","penetrationTestRecord","RouteView"
"2034465525016690690","VEX生命周期管理","7452639225960225443","/other/vexDocumentManage","solidIcon iconBasic_information","1",,"vexDocumentManage",,"0",,"2",,,,"1","vexDocumentManage","RouteView"
"2034922033076633601","修复决策支持","7452639225960225443","/other/repairDecisionPolicy","solidIcon iconcooperation","1",,"repairDecisionPolicy",,"0",,"5",,,,"1","repairDecisionPolicy","RouteView"
"2036278142140022785","漏洞归属划分","2041690902818627586","/other/vulnOwnerClass","solidIcon iconqizi","1",,"VulnOwnerClass",,"0",,"7",,,,"1","VulnOwnerClass","RouteView"
"2036353925269323778","上报记录查询","2018608890360786946","/other/reportRecordSearch","solidIcon iconurl","1",,"reportRecordSearch",,"0",,"6",,,,"1","reportRecordSearch","RouteView"
"2036358048827998209","风险资产组件评分管理","0201","/other/riskAssetComSporeManage","solidIcon iconconfigure","1",,"riskAssetComSporeManage",,"0",,"12",,,,"1","riskAssetComSporeManage","RouteView"
"2036374784025460737","资产列表","2041690902818627586","/other/knowledgeBaseConstruction","solidIcon icontopology","1",,"knowledgeBaseConstruction",,"0",,"1",,,,"1","knowledgeBaseConstruction","RouteView"
"2036376957366992898","VEX数据接口管理","7452639225960225443","/other/vexDataInterfaceManage","solidIcon iconSwitch","1",,"vexDataInterfaceManage",,"0",,"4",,,,"1","vexDataInterfaceManage","RouteView"
"2036622447241232385","插件基础管理","1460500916024979457","/other/pluginBaseManage","solidIcon iconmanufacturer","1",,"pluginBaseManage",,"0",,"10",,,,"1","pluginBaseManage","RouteView"
"2036983093963161602","插件执行回收与迭代优化","2018979330535092225","/other/pluginExecuteRecycleManage","solidIcon icontodo","1",,"pluginExecuteRecycleManage",,"0",,"6",,,,"1","pluginExecuteRecycleManage","RouteView"
"2036996938337255425","漏洞等效防护处置","7452639225960265832","/other/vulnPreventionManage","solidIcon iconlocked","1",,"vulnPreventionManage",,"0",,"1",,,,"1","vulnPreventionManage","RouteView"
"2036997164129222658","等效防护策略配置","7452639225960265832","/other/vulnPreventionStrategyManage","solidIcon iconmiddleware","1",,"vulnPreventionStrategyManage",,"0",,"2",,,,"1","vulnPreventionStrategyManage","RouteView"
"2036997395000492034","第三方安全设备接口配置","7452639225960265832","/other/vulnPreventionInterfaceManage","solidIcon iconbingchongqingbao","1",,"vulnPreventionInterfaceManage",,"0",,"3",,,,"1","vulnPreventionInterfaceManage","RouteView"
"2036998093905756162","响应过程操作日志记录","7452639225960265832","/other/vulnPreventionLogManage","solidIcon iconbianliangguanlizu","1",,"vulnPreventionLogManage",,"0",,"4",,,,"1","vulnPreventionLogManage","RouteView"
"2037049345012301825","效能指标度量","2017049364294590465","/other/vulnPreventionPerformanceManage","solidIcon iconperformance","1",,"vulnPreventionPerformanceManage",,"0",,"3",,,,"1","vulnPreventionPerformanceManage","RouteView"
"2037365882122305537","核验任务管理","7452639225960265832","/other/vulnPreventionTaskManage","solidIcon iconbianliangguanlizu","1",,"vulnPreventionTaskManage",,"0",,"5",,,,"1","vulnPreventionTaskManage","RouteView"
"2037366130286690305","核验策略配置","7452639225960265832","/other/vulnPreventionTaskManageStrategy","solidIcon iconModel","0",,"vulnPreventionTaskManageStrategy",,"0",,"6",,,,"1","vulnPreventionTaskManageStrategy","RouteView"
"2037366458868465665","核验调用配置","7452639225960265832","/other/vulnPreventionTaskManageCall","solidIcon iconOperation_maintenance","0",,"vulnPreventionTaskManageCall",,"0",,"7",,,,"1","vulnPreventionTaskManageCall","RouteView"
"2037414971019001857","报告自动生成","7452639225960265832","/other/reportGenerate","solidIcon iconAsset_risk","0",,"reportGenerate",,"0",,"8",,,,"1","reportGenerate","RouteView"
"2037415158667968514","报告模板管理","7452639225960265832","/other/reportTemplate","solidIcon iconSecurity_threats","0",,"reportTemplate",,"0",,"9",,,,"1","reportTemplate","RouteView"
"2037415394811478018","报告分发共享","7452639225960265832","/other/reportDistribution","solidIcon iconvisualization_1","0",,"reportDistribution",,"0",,"10",,,,"1","reportDistribution","RouteView"
"2037424699145093121","场景事务关联分析","2017049364294590465","/other/sceneTransaction","solidIcon iconarchives","1",,"sceneTransaction",,"0",,"4",,,,"1","sceneTransaction","RouteView"
"2037433831684210689","场景风险预警","2017049364294590465","/other/sceneRiskWarningMag","solidIcon iconChanging_tren","1",,"sceneRiskWarningMag1537",,"0",,"5",,,,"1","sceneRiskWarningMag","RouteView"
"2039882102407077889","插件验证与审核","2018979330535092225","/other/pluginVerificationReview","solidIcon iconPrivilege_management","1",,"pluginVerificationReview",,"0",,"5",,,,"1","pluginVerificationReview","RouteView"
"2041690902818627586","资产与知识库","7452639225960204426","/other/knowledgeBaseConstruction","solidIcon iconSwitch","1",,"knowledgeBase",,"0",,"3",,,,"1","knowledgeBase","RouteView"
"2043944215022837762","插件效能与统计分析","2018979330535092225","/other/pluginPerformAnalysis","solidIcon iconconfigure","1",,"pluginPerformAnalysis",,"0",,"7",,,,"1","pluginPerformAnalysis","RouteView"
"2043990221470998530","接口自动化及配置","2018979330535092225","/other/InterfaceAutomationSetting","solidIcon iconrouter_2","1",,"InterfaceAutomationSetting",,"0",,"8",,,,"1","InterfaceAutomationSetting","RouteView"
"2047135068771697207","能力·筑基(2024期)","0","","solidIcon iconSafe","0",,"CAPABILITY_BASE","2024期能力模块","1",,"6",,,"/safeLeak/VulnDetectionManagement/SpecialTaskMagNew","1","CapabilityBase","RouteView"
"2047135068818336464","价值·运营(2026期)","0",,"solidIcon iconReport","0",,"VALUE_OPERATION","2026期模块","1",,"8",,,,"1","ValueOperation","RouteView"
"2047143053598564353","重大漏洞专项检测工单管理","2047135068771697207","","solidIcon iconapplicationsecurity","1",,"ZDLDZXJCGD",,"0",,"1",,,"/safeLeak/VulnDetectionManagement/SpecialTaskMagNew","1","ZDLDZXJCGD","RouteView"
"2047228508801245186","合规策略配置","7452639225960265832","/other/complianceStrategy","solidIcon iconblock_chain","1",,"complianceStrategy",,"0",,"12",,,,"1","complianceStrategy","RouteView"
"2047228811244118017","合规审计中心","7452639225960265832","/other/complianceAudit","solidIcon iconmanufacturer","1",,"complianceAudit",,"0",,"13",,,,"1","complianceAudit","RouteView"
"2047243298957336577","扫描器弱口令管理","2047135068771697207","/safeLeak/VulnManagePlat/ScanWeakManage","solidIcon iconcode","1",,"scanWeakManage",,"0",,"2",,,"","1","scanWeakManage","RouteView"
"2048692357488353281","安全预警排查","1460501758455132161","/safeLeak/VulnManagePlat/SecurityVulnManage","solidIcon iconSecurity_threats","1",,"SecurityVulnManagePlat",,"0",,"11",,,,"1","SecurityVulnManagePlat","RouteView"
"2049039919793741826","漏洞基础管理","2047135068771697207","/other/vulnPreventionBaseManage","solidIcon iconsystem_configuration","1",,"vulnPreventionBaseManage",,"0",,"3",,,,"1","vulnPreventionBaseManage","RouteView"
"2049312530238971905","漏洞反馈管理","2047135068771697207","/other/vulnPreventionFeedbackManage","solidIcon iconmsgopen","1",,"vulnPreventionFeedbackManage",,"0",,"4",,,,"1","vulnPreventionFeedbackManage","RouteView"
"2049378718558101506","漏洞补丁审计管理","2047135068771697207","/other/vulnPreventionPatchAuditManage","solidIcon icontodo","1",,"vulnPreventionPatchAuditManage",,"0",,"5",,,,"1","vulnPreventionPatchAuditManage","RouteView"
"2049408390029287426","补丁权限管理","2047135068771697207","/other/vulnPreventionPatchPermissionManage","solidIcon iconorder","1",,"vulnPreventionPatchPermissionManage",,"0",,"6",,,,"1","vulnPreventionPatchPermissionManage","RouteView"
"2049413264590675969","补丁反馈管理","2047135068771697207","/other/vulnPreventionPatchFeedbackManage","solidIcon iconrelease","1",,"vulnPreventionPatchFeedbackManage",,"0",,"7",,,,"1","vulnPreventionPatchFeedbackManage","RouteView"
"2049666504297193473","补丁基础管理","2047135068771697207","/other/vulnPreventionPatchBaseManage","solidIcon iconasn","1",,"vulnPreventionPatchBaseManage",,"0",,"8",,,,"1","vulnPreventionPatchBaseManage","RouteView"
"2054970624377384962","补丁文件MD5校准管理","2047135068771697207","/other/vulnPreventionPatchFileManage5","solidIcon iconkey","1",,"vulnPreventionPatchFileManage5",,"0",,"9",,,,"1","vulnPreventionPatchFileManage5","RouteView"
"2056411555848810498","补丁更新任务管理","2047135068771697207","/other/vulnUpdateTaskManage","solidIcon iconSecurity_threats","1",,"vulnPreventionPatchUpdateTaskManage",,"0",,"10",,,,"1","vulnPreventionPatchUpdateTaskManage","RouteView"
"2056745331527282690","漏洞检测结果管理","2047135068771697207","/other/vulnDetectResultManage","solidIcon iconbug","1",,"vulnDetectResultManage",,"0",,"10",,,,"1","vulnDetectResultManage","RouteView"
"2057128894135300097","补丁匹配策略管理","2047135068771697207","/other/patchMatchStrategyManage","solidIcon iconOperation_maintenance","1",,"patchMatchStrategyManage",,"0",,"12",,,,"1","patchMatchStrategyManage","RouteView"
"2057518672253054978","漏洞匹配策略规则管理","2047135068771697207","/other/patchMatchRecordManage","solidIcon iconClaim","1",,"patchMatchRecordManage",,"0",,"13",,,,"1","patchMatchRecordManage","RouteView"
"2057849038914482178","安全预警排查-待处理工单","1460501758455132161","/safeLeak/VulnManagePlat/SecurityVulnManage/PendingOrder","solidIcon iconSecurity_threats","1",,"PendingOrderPlat",,"0",,"8",,,,"0","PendingOrderPlat","RouteView"
"2060008932547522562","补丁可视化","2047135068771697207","/other/patchVisualization","solidIcon iconshujulaiyuan","1",,"patchVisualization",,"0",,"14",,,,"1","patchVisualization","RouteView"
"27","用户组管理","1296692262594473985","/system/auth/userGroup",,"1",,"20004",,"0",,"5",,,,"1","userGroupManage","RouteView"
"3","网络空间测绘","0","/networkMapping","solidIcon iconinternet","0","","1003","","1","","10",,,"/fingerprintSummary","1","networkMapping","RouteView"
"3862486633453644290","专项漏洞同步","1862486631453622274","/safeLeak/VulnInterfaceManage/3862486633453644290","solidIcon iconSecurity_threats","1",,"zonghefenxi",,"1",,"10",,,,"1","3862486633453644290","RouteView"
"4","资产安全风险预警","0","/riskWarning","solidIcon iconfengxianyujing","0","","1006","","1","","22",,,"/riskWarning/securityAlarm","1","riskWarningManage","RouteView"
"5","威胁情报管理","0","/threatIntelligence","solidIcon iconziyuan1532","0","","1004","","1","","23",,,"/threatIntelligence/intelligenceVisualization","1","threatIntelligence","RouteView"
"6","防火墙策略","0","111","solidIcon  iconFull_text_search","0","","firewall_policy","","1","","24",,,"111","0","111","RouteView"
"6e6570c9-3783-43ad-a8f3-6dcefa6d6ecb","字典管理","1296692262594473985","/system/dic",,"0",,"110009",,"0",,"1",,,,"1","dicManage","RouteView"
"7452639225960204426","运营·深耕(2025期)","0",,"solidIcon iconSecurity_threats","1",,"VUL_SECURITY_MANAGE","2025期漏洞管理平台菜单重构","1",,"7",,,,"1","VulSecurityManage","RouteView"
"7452639225960225443","产品漏洞与风险识别","7452639225960204426",,"solidIcon iconAssets","1",,"product_vuln_risk_identify","CPE/VEX/产品漏洞/修复决策/靶标资产","1",,"1",,,"/other/cpeDocumentManage","1","productVulnRiskIdentify","RouteView"
"7452639225960265832","漏洞修复核验","7452639225960204426",,"solidIcon iconLoophole","1",,"vuln_repair_verify","等效防护+审计+核验任务/报告+修复同步+数据一致性","1",,"4",,,"/other/vulnPreventionManage","1","vulnRepairVerify","RouteView"
"7452639225960300816","弱口令与扫描管理","7452639225960204426",,"solidIcon iconMonitor","1",,"weak_pwd_scan_manage","弱口令字典/检测+扫描任务+设备规划/指标+防护监控+安全设备","1",,"7",,,"/safeLeak/WeakPasswordMag","1","weakPwdScanManage","RouteView"
"7543841723115862245","产品漏洞升级管理","1862486631453622288","/safeLeak/VulnManage/7543841723115862245","solidIcon iconSecurity_threats","1",,"7543841723115862245",,"1",,"10",,,,"1","abcdefg111","RouteView"
"7543841723115862246","产品漏洞基线策略管理","1862486631453622288","/safeLeak/VulnManage/7543841723115862246","solidIcon iconSecurity_threats","1",,"7543841723115862246",,"1",,"10",,,,"1","abcdefg112","RouteView"
"7543841723115862247","产品漏洞统计","1862486631453622288","/safeLeak/VulnViewManage/7543841723115862247","solidIcon iconSecurity_threats","1",,"7543841723115862247",,"1",,"10",,,,"1","abcdefg113","RouteView"
"7543841723115862248","产品漏洞危害等级统计","1862486631453622288","/safeLeak/VulnViewManage/7543841723115862248","solidIcon iconSecurity_threats","1",,"7543841723115862248",,"1",,"10",,,,"1","abcdefg114","RouteView"
"7543841723115862249","产品漏洞CVSS统计","1862486631453622288","/safeLeak/VulnViewManage/7543841723115862249","solidIcon iconSecurity_threats","1",,"7543841723115862249",,"1",,"10",,,,"1","abcdefg115","RouteView"
"7543841723115862250","产品漏洞基线统计","1862486631453622288","/safeLeak/VulnViewManage/7543841723115862250","solidIcon iconSecurity_threats","1",,"7543841723115862250",,"1",,"10",,,,"1","abcdefg116","RouteView"
"7543841723115862251","漏洞关联分析任务","1862486631453622289","/safeLeak/VulnTaskManage/7543841723115862251","solidIcon iconSecurity_threats","1",,"7543841723115862251",,"1",,"10",,,,"1","abcdefg117","RouteView"
"7543841723115862252","产品漏洞CPE管理","1862486631453622289","/safeLeak/VulnManage/7543841723115862252","solidIcon iconSecurity_threats","1",,"7543841723115862252",,"1",,"10",,,,"1","abcdefg118","RouteView"
"7543841723115862253","产品漏洞CPE组件厂商管理","1862486631453622289","/safeLeak/VulnManage/7543841723115862253","solidIcon iconSecurity_threats","1",,"7543841723115862253",,"1",,"10",,,,"1","abcdefg119","RouteView"
"7543841723115862254","产品漏洞CPE组件名称管理","1862486631453622289","/safeLeak/VulnManage/7543841723115862254","solidIcon iconSecurity_threats","1",,"7543841723115862254",,"1",,"10",,,,"1","abcdefg120","RouteView"
"7543841723115862255","产品漏洞CPE组件版本管理","1862486631453622289","/safeLeak/VulnManage/7543841723115862255","solidIcon iconSecurity_threats","1",,"7543841723115862255",,"1",,"10",,,,"1","abcdefg121","RouteView"
"7543841723115862256","漏洞关联分析任务统计","1862486631453622289","/safeLeak/VulnViewManage/7543841723115862256","solidIcon iconSecurity_threats","1",,"7543841723115862256",,"1",,"10",,,,"1","abcdefg122","RouteView"
"7543841723115862257","产品漏洞CPE数量统计","1862486631453622289","/safeLeak/VulnViewManage/7543841723115862257","solidIcon iconSecurity_threats","1",,"7543841723115862257",,"1",,"10",,,,"1","abcdefg123","RouteView"
"7543841723115862258","产品漏洞CPE组件厂商统计","1862486631453622289","/safeLeak/VulnViewManage/7543841723115862258","solidIcon iconSecurity_threats","1",,"7543841723115862258",,"1",,"10",,,,"1","abcdefg124","RouteView"
"7543841723115862259","产品漏洞CPE组件名称统计","1862486631453622289","/safeLeak/VulnViewManage/7543841723115862259","solidIcon iconSecurity_threats","1",,"7543841723115862259",,"1",,"10",,,,"1","abcdefg125","RouteView"
"7543841723115862260","产品漏洞CPE组件版本统计","1862486631453622289","/safeLeak/VulnViewManage/7543841723115862260","solidIcon iconSecurity_threats","1",,"7543841723115862260",,"1",,"10",,,,"1","abcdefg126","RouteView"
"7543841723115862261","系统数据接收管理","1862486631453622290","/safeLeak/VulnTaskManage/7543841723115862261","solidIcon iconSecurity_threats","1",,"7543841723115862261",,"1",,"10",,,,"1","abcdefg127","RouteView"
"7543841723115862262","系统任务调度管理","1862486631453622290","/safeLeak/VulnTaskManage/7543841723115862262","solidIcon iconSecurity_threats","1",,"7543841723115862262",,"1",,"10",,,,"1","abcdefg128","RouteView"
"7543841723115862263","绿盟验证漏洞任务请求管理","1862486631453622290","/safeLeak/VulnManage/7543841723115862263","solidIcon iconSecurity_threats","1",,"7543841723115862263",,"1",,"10",,,,"1","abcdefg129","RouteView"
"7543841723115862264","绿盟验证漏洞任务结果获取管理","1862486631453622290","/safeLeak/VulnManage/7543841723115862264","solidIcon iconSecurity_threats","1",,"7543841723115862264",,"1",,"10",,,,"1","abcdefg130","RouteView"
"7543841723115862265","安恒验证漏洞任务请求管理","1862486631453622290","/safeLeak/VulnManage/7543841723115862265","solidIcon iconSecurity_threats","1",,"7543841723115862265",,"1",,"10",,,,"1","abcdefg131","RouteView"
"7543841723115862266","安恒验证漏洞任务结果获取管理","1862486631453622290","/safeLeak/VulnManage/7543841723115862266","solidIcon iconSecurity_threats","1",,"7543841723115862266",,"1",,"10",,,,"1","abcdefg132","RouteView"
"7543841723115862267","启明验证漏洞任务请求管理","1862486631453622290","/safeLeak/VulnManage/7543841723115862267","solidIcon iconSecurity_threats","1",,"7543841723115862267",,"1",,"10",,,,"1","abcdefg133","RouteView"
"7543841723115862268","启明验证漏洞任务结果获取管理","1862486631453622290","/safeLeak/VulnManage/7543841723115862268","solidIcon iconSecurity_threats","1",,"7543841723115862268",,"1",,"10",,,,"1","abcdefg134","RouteView"
"7543841723115862269","天融信验证漏洞任务请求管理","1862486631453622290","/safeLeak/VulnManage/7543841723115862269","solidIcon iconSecurity_threats","1",,"7543841723115862269",,"1",,"10",,,,"1","abcdefg135","RouteView"
"7543841723115862270","天融信验证漏洞任务结果获取管理","1862486631453622290","/safeLeak/VulnManage/7543841723115862270","solidIcon iconSecurity_threats","1",,"7543841723115862270",,"1",,"10",,,,"1","abcdefg136","RouteView"
"7543841723115862271","漏洞分类定级管理","1862486631453622291","/safeLeak/VulnManage/7543841723115862271","solidIcon iconSecurity_threats","1",,"7543841723115862271",,"1",,"10",,,,"1","abcdefg137","RouteView"
"7543841723115862272","任务调度管理","1862486631453622292","/safeLeak/VulnTaskManage/7543841723115862272","solidIcon iconSecurity_threats","1",,"7543841723115862272",,"1",,"10",,,,"1","abcdefg138","RouteView"
"7543841723115862273","软件信息管理","1862486631453622293","/safeLeak/VulnManage/7543841723115862273","solidIcon iconSecurity_threats","1",,"7543841723115862273",,"1",,"10",,,"","1","abcdefg139","RouteView"
"7543841723115862274","资产上报策略","1862486631453622294","/safeLeak/VulnManage/7543841723115862274","solidIcon iconSecurity_threats","1",,"7543841723115862274",,"1",,"10",,,,"1","abcdefg140","RouteView"
"7543841723115862276","资产一致性管理","0201","/other/ManageMenu/7543841723115862276","solidIcon iconSecurity_threats","1",,"7543841723115862276",,"1",,"10",,,"","1","abcdefg142","RouteView"
"7543841723115862277","系统配置管理","1460501532667359234","/other/ManageMenu/7543841723115862277","solidIcon iconSecurity_threats","1",,"7543841723115862277",,"1",,"10",,,,"1","abcdefg143","RouteView"
"7543841723115862278","任务超时预警","1687381763082153985","/other/ManageMenu/7543841723115862278","solidIcon iconSecurity_threats","1",,"7543841723115862278",,"1",,"10",,,,"1","abcdefg144","RouteView"
"7543841723115862279","通用设备枚举库管理","1539508753722441729","/other/ManageMenu/7543841723115862279","solidIcon iconSecurity_threats","1",,"7543841723115862279",,"1",,"10",,,,"1","abcdefg145","RouteView"
"7543841723115862280","重大漏洞专项管理","1862486631453622290","/other/ManageMenu/7543841723115862280","solidIcon iconSecurity_threats","1",,"7543841723115862280",,"1",,"10",,,,"1","abcdefg146","RouteView"
"7543841723115862281","漏洞报告管理","1539508753722441729","/other/ManageMenu/7543841723115862281","solidIcon iconSecurity_threats","1",,"7543841723115862281",,"1",,"10",,,,"1","abcdefg147","RouteView"
"7543841723115862303","运营提醒策略登记管理","1460501532667359234","/other/ManageMenu/7543841723115862303","solidIcon iconSecurity_threats","1",,"7543841723115862303",,"1",,"10",,,,"1","7543841723115862303","RouteView"
"7543841723115862304","靶标资产弱口令核查管理","1460441510772027394",,"solidIcon iconSecurity_threats","1",,"7543841723115862304",,"1",,"10",,,,"1","7543841723115862304","RouteView"
"7543841723115862305","靶标弱口令策略管理","7543841723115862304","/other/ManageMenu/7543841723115862305","solidIcon iconSecurity_threats","1",,"7543841723115862305",,"1",,"10",,,,"1","7543841723115862305","RouteView"
"7543841723115862306","靶标弱口令扫描结果管理","7543841723115862304","/other/ManageMenu/7543841723115862306","solidIcon iconSecurity_threats","1",,"7543841723115862306",,"1",,"10",,,,"1","7543841723115862306","RouteView"
"7543841723115862307","靶标弱口令风险处置与确认","7543841723115862304","/other/ManageMenu/7543841723115862307","solidIcon iconSecurity_threats","1",,"7543841723115862307",,"1",,"10",,,,"1","7543841723115862307","RouteView"
"7543841723115862308","漏洞补丁自动下载管理","1539508753722441729","/other/ManageMenu/7543841723115862308","solidIcon iconSecurity_threats","1",,"7543841723115862308",,"1",,"10",,,,"1","7543841723115862308","RouteView"
"7543841723115862309","差异化资产指纹同步管理","0201","/other/ManageMenu/7543841723115862309","solidIcon iconSecurity_threats","1",,"7543851723115862309",,"1",,"10",,,,"1","7543851723115862309","RouteView"
"7543841723115862312","VEX文档解析管理","7452639225960225443","/other/ManageMenu/7543841723115862312","solidIcon iconSecurity_threats","1",,"7543841723115862312",,"1",,"3",,,,"1","7543841723115862312","RouteView"
"7543841723115862401","主机资产","2041690902818627586","/other/ManageMenu/7543841723115862401","solidIcon iconSecurity_threats","1",,"7543841723115862401",,"1",,"2",,,,"1","abcdefg401","RouteView"
"7543841723115862402","web资产","2041690902818627586","/other/ManageMenu/7543841723115862402","solidIcon iconSecurity_threats","1",,"7543841723115862402",,"1",,"3",,,,"1","abcdefg402","RouteView"
"7543841723115862403","漏洞知识库条目","2041690902818627586","/other/ManageMenu/7543841723115862403","solidIcon iconSecurity_threats","1",,"7543841723115862403",,"1",,"4",,,,"1","abcdefg403","RouteView"
"7543841723115862404","脆弱账号列表","2041690902818627586","/other/ManageMenu/7543841723115862404","solidIcon iconSecurity_threats","1",,"7543841723115862404",,"1",,"5",,,,"1","abcdefg404","RouteView"
"7543851723115862302","漏洞运营任务提醒策略","1460501758455132161","/other/ManageMenu/7543851723115862302","solidIcon iconSecurity_threats","1",,"7543851723115862302",,"1",,"10",,,,"1","7543851723115862302","RouteView"
"8","统计报表","0","/statisticalreport","solidIcon icontongji","0","","1008","","1","","13",,,"/leak/loophole/informationLoopholes","1","statisticalReport","RouteView"
"9","基础信息","0","/basic","solidIcon iconbasics","1","","1009","","1","","12",,,"/basic/basicManage","1","basicInfo","RouteView"
"dev-open-platform","开放平台","0","/openPlatform","wireframeicon icon-api","1",,,,"1",,"900",,,"/openPlatform/overview","1","openPlatform","RouteView"
"dev-open-platform-api-catalog","接口目录","dev-open-platform","/openPlatform/api-catalog","wireframeicon icon-api","1",,,,"0",,"11",,,,"1","openPlatformApiCatalog","RouteView"
"dev-open-platform-developer-doc","开发指南","dev-open-platform","/openPlatform/developer-doc","wireframeicon icon-query-knowledge","1",,,,"0",,"12",,,,"1","openPlatformDeveloperDoc","RouteView"
"dev-open-platform-invocation","流量治理","dev-open-platform","/openPlatform/invocation","wireframeicon icon-chartBarUpward","1",,,,"0",,"3",,,,"1","openPlatformInvocation","RouteView"
"dev-open-platform-mock-e2e","接入测试","dev-open-platform","/openPlatform/mock-e2e","wireframeicon icon-authTest","1",,,,"0",,"8",,,,"1","openPlatformMockE2e","RouteView"
"dev-open-platform-open-task-list","风险排查","dev-open-platform","/openPlatform/open-task/list","wireframeicon icon-Scan","1",,,,"0",,"6",,,,"1","openPlatformOpenTaskList","RouteView"
"dev-open-platform-operation-cases","运营案件","dev-open-platform","/openPlatform/operation-cases","wireframeicon icon-bug","1",,,,"0",,"5",,,,"1","openPlatformOperationCases","RouteView"
"dev-open-platform-overview","控制台","dev-open-platform","/openPlatform/overview","wireframeicon icon-dashboard","1",,,,"0",,"1",,,,"1","openPlatformOverview","RouteView"
"dev-open-platform-partner","合作伙伴","dev-open-platform","/openPlatform/partner","wireframeicon icon-users","1",,,,"0",,"2",,,,"1","openPlatformPartner","RouteView"
"dev-open-platform-quota","流控策略","dev-open-platform","/openPlatform/quota","wireframeicon icon-rule","1",,,,"0",,"10",,,,"1","openPlatformQuota","RouteView"
"dev-open-platform-verify-fix-jobs","修复核验","dev-open-platform","/openPlatform/verify-fix-jobs","wireframeicon icon-verify","1",,,,"0",,"7",,,,"1","openPlatformVerifyFixJobList","RouteView"
"dev-open-platform-verify-fix-ops","处置测试","dev-open-platform","/openPlatform/verify-fix-ops","wireframeicon icon-testing","1",,,,"0",,"9",,,,"1","openPlatformVerifyFixOps","RouteView"
"dev-open-platform-webhook-log","推送记录","dev-open-platform","/openPlatform/webhook-log","wireframeicon icon-push","1",,,,"0",,"4",,,,"1","openPlatformWebhookLog","RouteView"
